#{"t_start": 1789427883.1638968, "env_id": "ALE/SpaceInvaders-v5"}
r,l,t
80.0,1555,3.725193
90.0,1539,4.098972
65.0,1185,4.419804
345.0,3384,5.205954
80.0,2037,5.735918
80.0,1279,6.049385
180.0,2501,6.70576
85.0,1871,7.214999
125.0,1901,7.711475
55.0,1571,8.097751
35.0,1417,8.452224
60.0,1645,8.949643
120.0,1931,9.39997
485.0,2599,10.035199
55.0,1769,10.443654
105.0,1563,10.815603
120.0,1897,11.298849
60.0,1135,11.565071
215.0,2475,12.26568
185.0,2293,12.831751
185.0,1899,13.298453
150.0,2697,14.003825
20.0,1191,14.337885
180.0,2451,14.925965
35.0,1497,15.281463
80.0,1107,15.526134
80.0,1473,15.864644
50.0,1153,16.119817
65.0,1579,16.486822
160.0,1955,16.936248
60.0,1637,17.312045
65.0,1653,17.692788
120.0,2275,18.181189
30.0,1189,18.449061
65.0,1749,18.846817
220.0,2275,19.332057
155.0,1811,19.834253
490.0,3983,20.726985
110.0,1577,21.081168
110.0,1401,21.402114
120.0,1899,21.848994
95.0,1419,22.164569
130.0,2163,22.68066
155.0,2301,23.207835
55.0,1487,23.560871
105.0,1851,23.983194
210.0,2157,24.464792
40.0,1543,24.796087
80.0,1829,25.190566
210.0,4051,26.080021
70.0,1175,26.37231
450.0,3493,27.109662
570.0,4975,28.110052
115.0,2353,28.639094
210.0,2479,29.247114
380.0,4831,30.265588
80.0,1281,30.554518
225.0,2647,31.113628
35.0,1801,31.517325
110.0,1529,31.846689
120.0,1855,32.296862
80.0,1539,32.64699
135.0,2325,33.173101
210.0,2365,33.679413
65.0,1191,33.943524
80.0,1423,34.246835
200.0,3231,34.949177
185.0,2901,35.627527
365.0,2427,36.135578
115.0,1651,36.49876
180.0,1841,36.897665
320.0,3321,37.613154
165.0,2467,38.131305
270.0,2725,38.76682
415.0,3407,39.506172
285.0,2675,40.077286
195.0,3245,40.785948
165.0,2625,41.433342
65.0,1897,41.865632
155.0,2023,42.301575
80.0,1785,42.699224
105.0,2053,43.132873
110.0,1865,43.530492
45.0,1143,43.798441
225.0,3077,44.502098
55.0,1615,44.851739
215.0,3205,45.528928
30.0,1923,45.978919
150.0,2353,46.48013
55.0,1713,46.859668
175.0,2405,47.401935
55.0,1597,47.748692
120.0,1917,48.162897
135.0,1635,48.540755
270.0,2673,49.096902
255.0,3667,49.887657
170.0,2073,53.146892
250.0,4633,72.315086
260.0,2871,84.58276
180.0,2387,94.692874
130.0,1975,103.631595
115.0,1507,109.960425
110.0,1123,114.849214
155.0,1973,123.681473
210.0,2793,135.82393
165.0,2247,145.391873
75.0,1343,150.907538
90.0,2017,159.813952
270.0,2091,168.761629
50.0,1487,174.850891
125.0,2083,183.794618
180.0,2055,192.621501
240.0,2257,202.253394
470.0,4543,221.94451
220.0,3257,236.146554
150.0,1923,244.36109
85.0,1947,252.803052
95.0,2075,261.634358
245.0,1989,270.3668
85.0,1993,279.032645
225.0,2573,290.28429
420.0,3461,305.648736
35.0,1905,313.96069
330.0,3741,330.863048
15.0,1891,339.055473
165.0,2477,350.107368
645.0,3325,365.437093
355.0,3325,380.301152
480.0,3589,395.888394
560.0,3273,410.445778
175.0,1729,418.002464
190.0,3115,431.680968
335.0,3367,446.860224
30.0,1459,453.25648
145.0,2483,464.223808
230.0,2255,474.548629
195.0,1725,483.288675
195.0,3483,498.667175
150.0,2261,508.604879
175.0,2841,521.248662
220.0,2547,532.486746
330.0,3947,550.069915
240.0,1989,558.928485
185.0,2841,571.522895
335.0,3053,585.176825
280.0,2153,594.592917
310.0,3201,608.651441
115.0,1067,613.331593
545.0,4323,632.359371
45.0,1693,639.810727
325.0,2989,654.664602
270.0,2151,664.919287
280.0,2611,676.656263
180.0,1793,684.80927
500.0,3151,698.774984
235.0,1979,707.608313
285.0,2071,716.951665
105.0,1551,723.97323
280.0,2153,733.344566
270.0,2151,742.609227
280.0,2145,752.107518
135.0,1953,760.773857
55.0,1141,765.621791
430.0,2807,778.321235
135.0,2747,790.475178
270.0,2131,799.782633
365.0,3181,813.92281
270.0,2151,823.301921
315.0,2165,832.725056
250.0,2275,842.81156
205.0,3435,858.252151
165.0,3239,872.806396
385.0,2957,885.71396
180.0,2379,896.248309
365.0,2879,909.179486
170.0,1979,917.760808
405.0,2815,930.174001
210.0,2431,941.011481
575.0,3785,977.425556
205.0,2993,990.541003
155.0,2377,1000.79901
395.0,3955,1018.590231
280.0,2151,1028.046916
335.0,4507,1048.121756
235.0,2771,1060.192554
190.0,1719,1067.888486
265.0,3631,1084.019877
420.0,3859,1100.951666
205.0,2081,1110.077667
125.0,1989,1118.817944
580.0,4089,1136.95211
190.0,2015,1145.871145
315.0,2547,1157.09763
245.0,2087,1166.231966
750.0,4895,1188.062445
440.0,3659,1204.813323
60.0,1193,1210.029536
115.0,1921,1218.595137
555.0,3705,1235.673158
490.0,2917,1248.576227
220.0,1837,1256.687233
300.0,2921,1270.327028
280.0,2579,1281.489491
75.0,1099,1286.040826
175.0,2987,1298.924482
100.0,1143,1303.712952
145.0,1583,1310.333832
230.0,2065,1319.206405
260.0,2181,1328.59193
235.0,2193,1338.006831
155.0,1979,1346.553003
320.0,3103,1359.867094
280.0,3167,1373.574687
300.0,4317,1392.525784
165.0,2063,1401.541879
185.0,1977,1409.972085
215.0,2555,1420.954311
240.0,2981,1433.959416
355.0,3863,1450.835917
195.0,1655,1458.059925
405.0,4463,1477.39626
180.0,2905,1489.768728
615.0,3679,1505.593608
130.0,1535,1512.31607
90.0,2019,1520.935645
25.0,1323,1526.49113
230.0,2261,1535.978573
55.0,999,1540.24304
340.0,3437,1555.163032
245.0,3161,1568.956185
255.0,2443,1579.67487
195.0,2853,1591.903151
240.0,2533,1602.745918
340.0,3136,1616.327879
80.0,1857,1624.330831
155.0,1895,1632.418752
445.0,3841,1648.864185
350.0,3971,1665.91042
250.0,2117,1674.924576
365.0,3403,1689.533568
220.0,2461,1700.018825
215.0,2587,1711.117386
210.0,2017,1719.611753
145.0,1651,1726.773403
305.0,1967,1734.913538
245.0,2567,1745.913762
210.0,1989,1754.279243
175.0,2381,1764.667842
270.0,3105,1777.911941
295.0,2495,1788.660247
595.0,4263,1806.90733
150.0,2521,1817.818383
225.0,1629,1865.3316
135.0,2015,1875.084341
460.0,3517,1891.204384
240.0,2001,1903.652239
370.0,2617,1917.68302
280.0,2661,1930.10642
295.0,2761,1943.22019
350.0,4366,1962.285607
565.0,3361,1977.282627
155.0,2423,1987.755164
135.0,1883,1995.790755
575.0,3145,2009.267633
80.0,1631,2016.395482
145.0,1593,2023.217967
220.0,2445,2033.552034
210.0,2475,2045.281758
285.0,2207,2055.234712
305.0,2549,2066.112945
230.0,3407,2081.189172
135.0,1897,2089.411025
340.0,3265,2103.493705
120.0,1519,2110.208803
220.0,2023,2119.509434
75.0,1047,2123.808712
150.0,1877,2131.737495
660.0,4596,2151.873763
80.0,1447,2158.535844
230.0,2549,2169.672599
325.0,3633,2185.870887
160.0,1915,2194.1912
205.0,2455,2205.187255
440.0,2931,2217.758962
165.0,1975,2226.564578
160.0,1983,2235.104484
250.0,3209,2248.783951
325.0,2781,2261.05613
135.0,1981,2269.728494
90.0,1105,2274.382901
140.0,2009,2283.270705
60.0,1553,2289.870396
165.0,2621,2302.015339
310.0,2395,2312.205971
265.0,2757,2324.444762
130.0,1895,2332.570088
240.0,2709,2344.145273
185.0,1877,2352.37766
265.0,2535,2363.140946
175.0,1905,2371.088522
140.0,1851,2379.077111
460.0,3091,2392.360049
175.0,1959,2400.755424
290.0,3347,2415.074234
315.0,2367,2425.377978
1010.0,4569,2444.93389
265.0,3043,2457.986058
175.0,1919,2466.503307
300.0,2879,2479.754654
50.0,1547,2486.120669
845.0,3853,2502.969211
50.0,1219,2507.979133
120.0,2113,2516.952011
375.0,3241,2530.916138
265.0,3169,2544.833777
270.0,3379,2559.245614
185.0,2077,2568.047567
275.0,2705,2579.895889
495.0,3221,2593.614006
375.0,2959,2606.106511
420.0,3031,2619.479744
250.0,3073,2632.483191
80.0,1191,2637.384542
155.0,1851,2645.33156
65.0,1165,2650.649735
450.0,2773,2663.395932
195.0,2717,2674.893423
310.0,3537,2690.374472
245.0,2647,2701.807825
415.0,3547,2717.144922
315.0,2807,2729.758077
175.0,2333,2739.84392
380.0,3175,2753.527397
90.0,1521,2759.971419
95.0,1871,2768.307296
315.0,2515,2779.052427
290.0,2829,2790.963912
395.0,3067,2822.666669
900.0,5173,2845.563797
105.0,1121,2850.253569
195.0,2211,2859.870191
110.0,2361,2869.783018
40.0,1133,2874.446995
80.0,1175,2879.397804
235.0,2443,2890.012733
210.0,2909,2902.258077
205.0,1899,2910.050831
60.0,1153,2915.069684
170.0,2183,2924.411638
85.0,1623,2931.092817
205.0,2211,2940.528183
230.0,3675,2956.209599
565.0,3284,2970.392022
125.0,1945,2978.607267
160.0,2011,2987.440934
250.0,2117,2996.408014
65.0,1909,3004.590029
135.0,1491,3011.123112
275.0,2835,3024.011033
375.0,3253,3037.778504
275.0,3399,3052.600537
335.0,2697,3064.444455
95.0,1857,3072.32613
185.0,2407,3082.449575
425.0,2201,3092.305912
310.0,2501,3103.355655
680.0,3543,3118.438208
260.0,3153,3132.231611
325.0,3343,3146.56884
220.0,1869,3154.26483
425.0,4249,3172.887079
230.0,2137,3181.980548
235.0,2711,3193.506222
185.0,2447,3204.745626
165.0,2057,3213.845722
430.0,4025,3230.865443
105.0,1111,3235.493155
150.0,1483,3242.08341
245.0,2041,3250.661935
170.0,1901,3258.685294
240.0,1881,3267.11966
235.0,3087,3280.339099
205.0,1963,3288.69054
215.0,1823,3296.483138
445.0,4623,3316.554664
135.0,1927,3324.620929
125.0,1479,3330.807805
125.0,1885,3339.23647
275.0,2519,3350.083242
115.0,1835,3361.242231
225.0,2439,3372.449172
165.0,2195,3383.009902
200.0,1825,3391.120172
190.0,1863,3399.249753
355.0,3637,3415.964233
105.0,1521,3423.61496
150.0,1841,3432.281676
145.0,1833,3441.493819
195.0,2895,3455.863935
315.0,3465,3472.969408
180.0,2949,3487.93588
210.0,2337,3499.276996
300.0,2517,3511.356484
450.0,2887,3525.604562
330.0,2749,3539.416658
110.0,1525,3546.881972
315.0,2235,3557.746863
95.0,1497,3566.05118
180.0,1869,3575.312732
180.0,1917,3584.772717
100.0,1161,3590.205069
110.0,1491,3597.905587
110.0,1843,3606.936676
75.0,1529,3614.237767
160.0,1869,3623.617679
410.0,4925,3647.818465
175.0,2781,3661.306015
125.0,1813,3670.466911
550.0,3025,3685.383794
110.0,1501,3692.386562
185.0,1867,3701.50639
215.0,1905,3711.347972
595.0,3011,3726.305033
595.0,3291,3742.901353
220.0,2627,3754.044564
110.0,1449,3759.984337
190.0,1871,3767.803335
170.0,2907,3780.22582
795.0,3253,3793.893846
185.0,2859,3805.771937
280.0,1833,3813.152429
170.0,2045,3821.784444
185.0,1937,3829.945189
165.0,1891,3837.777411
360.0,3147,3850.888633
375.0,3739,3866.457417
320.0,3123,3879.398799
235.0,3903,3895.843116
550.0,3251,3909.318588
570.0,3165,3922.387038
125.0,2135,3931.174979
125.0,1665,3938.124869
165.0,1493,3944.115651
250.0,2637,3959.254848
215.0,1933,3968.752895
170.0,1787,3976.711943
145.0,1841,3984.770078
305.0,2991,3998.700406
220.0,2169,4008.238156
385.0,3685,4024.519467
210.0,2455,4035.170947
155.0,1947,4044.119159
130.0,1897,4052.308058
250.0,2465,4063.154623
70.0,1579,4070.301476
315.0,3027,4083.89351
185.0,1971,4092.253392
245.0,2155,4101.941444
225.0,2189,4111.545244
410.0,3471,4126.711419
155.0,2121,4136.678599
230.0,2045,4146.303595
420.0,2417,4156.719537
205.0,2451,4167.320574
270.0,2095,4176.723188
490.0,4961,4198.436616
295.0,3735,4215.032524
235.0,2565,4226.218204
250.0,2659,4237.72544
245.0,2579,4249.552589
445.0,5239,4272.745395
220.0,2437,4283.741922
335.0,3213,4298.074184
100.0,1137,4302.818886
210.0,2511,4314.088617
90.0,1131,4320.253029
395.0,4018,4338.057571
330.0,3500,4353.18986
185.0,1875,4361.756653
205.0,2425,4372.353619
160.0,2007,4381.157804
485.0,3289,4395.353274
200.0,1873,4403.324325
480.0,4439,4422.623215
255.0,2279,4432.244487
105.0,1225,4437.654744
295.0,2361,4447.70297
110.0,1343,4453.344005
175.0,1877,4461.636111
260.0,2073,4470.454073
140.0,1787,4477.919543
175.0,1927,4486.405143
330.0,3217,4501.000326
250.0,2047,4510.27415
285.0,2635,4521.756606
320.0,2971,4534.936036
220.0,2925,4547.768312
300.0,2929,4560.066747
200.0,1669,4567.601442
75.0,1775,4575.239785
210.0,1925,4583.398274
345.0,2379,4594.217889
245.0,2201,4603.524097
190.0,1621,4610.533687
90.0,2039,4619.352247
225.0,2537,4648.20674
290.0,3593,4664.487556
235.0,2459,4674.980068
285.0,2105,4685.09664
125.0,1171,4690.084064
260.0,2569,4701.167212
105.0,1021,4705.634188
250.0,2533,4717.043173
75.0,1165,4721.967891
265.0,3175,4735.822252
75.0,1213,4741.36225
235.0,3265,4755.557083
170.0,1835,4763.320804
115.0,1531,4770.358686
195.0,1885,4778.551595
200.0,1629,4785.589023
205.0,2441,4796.639737
305.0,3177,4810.434491
430.0,4839,4831.63172
205.0,2529,4842.451025
335.0,3003,4856.255472
30.0,981,4860.791091
575.0,3009,4874.333213
280.0,3093,4888.214499
400.0,3719,4904.99774
235.0,1853,4913.052142
445.0,3891,4930.581352
425.0,3659,4946.569982
200.0,1719,4953.782118
270.0,2473,4964.728275
205.0,2459,4976.09202
410.0,3971,4993.831661
195.0,3127,5007.283852
780.0,4876,5028.567191
450.0,2661,5039.76764
205.0,2127,5049.633859
225.0,1749,5057.017085
545.0,5399,5080.61426
205.0,2409,5090.816301
330.0,3091,5104.01465
275.0,1885,5112.212089
275.0,2661,5123.466949
215.0,2567,5134.389992
220.0,2125,5143.844297
160.0,2429,5154.120851
210.0,1793,5161.734291
400.0,2919,5174.348356
275.0,2115,5183.738205
155.0,2119,5192.884557
370.0,2007,5201.511724
230.0,1823,5209.593524
300.0,3549,5226.248644
165.0,2065,5235.312912
190.0,1667,5243.008844
225.0,2145,5252.210582
510.0,3047,5265.444682
290.0,2967,5278.557997
220.0,2475,5289.22512
365.0,3325,5303.540047
315.0,3027,5316.727983
335.0,2621,5328.42593
200.0,1973,5336.93962
110.0,1463,5343.02466
165.0,1983,5351.977272
235.0,2569,5362.970891
240.0,2163,5372.307075
80.0,1135,5377.3424
245.0,3087,5390.855896
180.0,2013,5399.642865
75.0,1143,5404.917601
165.0,1649,5412.756179
395.0,3341,5427.342661
225.0,2435,5437.888994
260.0,3121,5451.90445
170.0,1913,5460.104409
340.0,4049,5477.712515
75.0,1105,5482.604791
105.0,1741,5490.392446
440.0,4373,5508.970649
345.0,2671,5520.255268
175.0,2945,5533.143573
105.0,1375,5538.870286
215.0,1963,5546.998929
335.0,4299,5565.693137
335.0,3555,5580.526881
75.0,1105,5585.673844
345.0,2903,5598.774639
215.0,2221,5608.039448
175.0,1605,5614.784562
185.0,2385,5624.81839
245.0,2731,5636.465438
115.0,1937,5645.620085
220.0,1897,5653.798324
215.0,2019,5662.873611
205.0,2453,5673.639786
110.0,1207,5678.979978
190.0,1705,5686.63678
95.0,1353,5692.634882
80.0,1075,5697.287463
75.0,1067,5701.816013
130.0,1543,5708.832865
280.0,2793,5720.999446
185.0,1987,5729.550069
185.0,2073,5738.916659
315.0,2821,5751.496505
260.0,3215,5767.002833
295.0,3023,5779.63014
195.0,1879,5787.324743
210.0,2617,5798.37774
320.0,3269,5812.123492
235.0,2449,5822.798855
170.0,1851,5830.480644
320.0,3177,5843.580197
280.0,3593,5858.755211
270.0,2539,5868.969161
210.0,2045,5877.278111
300.0,2151,5886.066989
150.0,1927,5893.931895
275.0,2763,5905.091989
145.0,1663,5911.658368
80.0,2073,5920.000115
510.0,3085,5932.487085
390.0,3811,5947.737665
530.0,2961,5959.576015
415.0,4471,5977.742378
435.0,3023,5989.957573
335.0,3021,6002.167865
205.0,2705,6012.957284
340.0,4343,6030.392143
200.0,1533,6036.535604
600.0,3707,6051.596895
195.0,1569,6057.718076
310.0,2343,6067.142224
315.0,2581,6077.487559
420.0,2429,6087.367307
255.0,2089,6095.75783
75.0,1193,6100.491455
280.0,2245,6109.717582
130.0,1875,6117.208602
305.0,2629,6128.261179
215.0,1943,6135.986696
130.0,1971,6144.161963
185.0,1931,6152.044819
90.0,1133,6156.519813
315.0,3523,6171.194703
515.0,3045,6183.838242
265.0,1891,6191.488731
290.0,3307,6205.005705
300.0,3489,6219.257647
410.0,3893,6235.4867
215.0,1775,6242.54768
215.0,2331,6252.13402
270.0,2491,6262.350938
420.0,2833,6273.938753
180.0,1997,6282.059268
220.0,2581,6292.682375
195.0,2445,6302.90393
105.0,1321,6308.392119
110.0,1709,6315.424002
295.0,4251,6333.628226
215.0,1901,6341.574756
270.0,2549,6352.681005
355.0,2491,6362.882222
255.0,3027,6375.355206
280.0,2949,6387.706453
230.0,2397,6409.266672
345.0,3567,6423.793391
105.0,1881,6431.519173
215.0,1871,6439.33219
220.0,2039,6447.778432
190.0,1857,6455.831981
230.0,3165,6468.960898
240.0,3461,6482.959244
400.0,4919,6503.533869
210.0,1919,6511.399332
225.0,2261,6520.631866
155.0,1963,6528.574821
125.0,1961,6536.556464
185.0,1859,6544.229661
180.0,2159,6552.93948
210.0,2331,6562.273612
145.0,1891,6569.985552
255.0,2349,6579.900354
110.0,1175,6584.709935
110.0,1827,6592.172844
130.0,1535,6598.439737
265.0,2645,6609.25252
410.0,3409,6623.151742
485.0,2925,6635.089046
620.0,3725,6650.445205
125.0,1517,6657.059582
310.0,3059,6670.82613
270.0,2109,6679.628802
195.0,1879,6687.591251
135.0,2501,6698.073068
75.0,1167,6703.469291
200.0,2025,6711.885076
360.0,2031,6720.259048
160.0,1845,6727.711232
320.0,3261,6741.171975
235.0,1887,6748.797616
190.0,1885,6756.230317
185.0,2509,6766.371934
370.0,3379,6780.149391
365.0,2419,6789.994766
305.0,2463,6799.699442
145.0,1523,6805.892646
90.0,1931,6813.505176
195.0,1861,6820.998228
165.0,1841,6828.705654
125.0,1433,6834.500474
470.0,3237,6847.447505
215.0,1923,6855.140362
330.0,3067,6867.663639
230.0,1931,6875.307603
255.0,2391,6884.829826
110.0,1283,6889.946458
240.0,2053,6898.2409
140.0,1933,6905.961792
200.0,2485,6915.99116
150.0,1903,6923.485603
245.0,2067,6931.736427
105.0,1443,6937.422031
245.0,2911,6949.292757
165.0,1919,6957.11601
325.0,3431,6971.081528
195.0,1827,6978.300125
125.0,1507,6984.158928
260.0,3587,6998.747052
165.0,2039,7007.027785
220.0,1653,7013.535416
135.0,1537,7020.091705
280.0,3813,7035.753186
150.0,1845,7043.174881
200.0,2453,7052.957394
195.0,1865,7060.414504
200.0,1985,7068.450694
260.0,2809,7079.769635
235.0,3061,7092.080101
205.0,1975,7099.902571
215.0,1907,7107.61518
215.0,1759,7114.519915
205.0,1899,7122.158286
115.0,1461,7127.931633
175.0,1941,7135.678632
265.0,2045,7143.890378
330.0,3749,7159.03058
245.0,2145,7167.479711
225.0,2807,7178.73992
90.0,1121,7183.243959
400.0,4895,7203.214059
175.0,1983,7211.05868
260.0,2147,7219.55317
235.0,2169,7228.266984
120.0,1887,7235.7642
280.0,2669,7246.494753
235.0,1903,7254.028269
175.0,1989,7261.984411
190.0,1921,7269.633569
140.0,1915,7277.345378
405.0,3995,7293.445513
205.0,2025,7301.476931
155.0,1883,7309.077974
315.0,3211,7322.093117
200.0,2361,7331.518682
70.0,1221,7336.359436
50.0,1351,7341.66307
210.0,1871,7348.957448
155.0,1505,7354.892308
225.0,2005,7362.810584
335.0,3535,7377.139596
105.0,1581,7383.279065
255.0,2483,7393.281833
120.0,1877,7400.680925
155.0,1851,7408.037828
210.0,2013,7415.969079
75.0,1549,7422.123921
185.0,1921,7429.646015
235.0,2453,7439.494163
280.0,2891,7451.03196
90.0,1173,7455.64511
195.0,3015,7467.828881
210.0,2473,7477.721368
180.0,2063,7485.985811
270.0,2183,7494.688823
245.0,1977,7502.637269
450.0,2721,7513.501993
190.0,2473,7523.326776
135.0,1559,7529.419459
195.0,2053,7537.597636
245.0,1795,7544.758538
175.0,2029,7552.805901
135.0,1535,7559.475912
190.0,1917,7567.257839
255.0,2453,7577.110669
105.0,1531,7583.089652
200.0,1955,7591.04542
375.0,2923,7603.30184
230.0,2139,7611.835098
110.0,1129,7616.267729
355.0,3379,7629.845937
220.0,1883,7637.238402
260.0,2777,7648.369394
130.0,1915,7656.063366
270.0,2437,7665.710871
130.0,1701,7672.710673
460.0,4979,7692.918676
185.0,2015,7700.989163
260.0,2055,7709.059648
240.0,2937,7721.011513
260.0,2047,7729.310163
190.0,1783,7736.200266
220.0,2379,7745.718677
235.0,2297,7754.977809
455.0,4482,7772.967129
135.0,1925,7780.595384
560.0,3567,7795.052058
160.0,2293,7804.285238
215.0,2961,7816.090655
470.0,3397,7829.671053
280.0,2699,7840.38282
190.0,1949,7848.223592
150.0,2031,7856.252954
120.0,2259,7865.505216
205.0,2081,7873.84032
210.0,2411,7883.430811
245.0,2435,7893.224341
195.0,3933,7909.131613
360.0,4089,7925.615442
130.0,1913,7933.372153
170.0,2509,7943.335369
100.0,1881,7950.843025
115.0,2219,7959.662833
190.0,2415,7969.317519
135.0,2245,7978.294496
220.0,2055,7986.542038
135.0,1717,7993.309803
210.0,1953,8000.988128
235.0,2299,8010.164199
215.0,2447,8020.007864
220.0,2431,8029.782204
190.0,2131,8038.280432
285.0,2725,8049.122941
120.0,1907,8071.576089
115.0,1507,8077.466852
80.0,1097,8081.732798
235.0,2513,8091.908112
65.0,1889,8099.48383
500.0,2765,8110.5324
385.0,2747,8121.452648
105.0,1533,8127.594974
145.0,2551,8137.914495
375.0,3387,8151.679005
220.0,2469,8161.736313
120.0,1445,8167.460588
185.0,1903,8175.149158
190.0,1939,8182.922716
160.0,2051,8191.116942
325.0,3235,8204.173815
175.0,2063,8212.444719
205.0,2081,8220.746507
455.0,4509,8238.890188
215.0,1907,8246.449619
220.0,2401,8256.037321
410.0,4384,8273.529846
165.0,2283,8282.5457
115.0,2037,8290.65173
285.0,1967,8298.424965
540.0,3763,8313.510479
325.0,3767,8328.751068
210.0,2401,8338.356971
120.0,1479,8344.197113
240.0,2867,8355.80145
250.0,2423,8365.414037
270.0,3703,8380.342162
145.0,1495,8386.210651
440.0,3031,8398.563689
290.0,2551,8408.891537
255.0,2173,8417.539999
130.0,2259,8426.601233
480.0,4787,8445.918585
390.0,3591,8460.771485
220.0,3071,8473.120388
75.0,1045,8477.187814
50.0,1157,8481.745716
900.0,4995,8503.073985
260.0,1925,8511.006185
80.0,1097,8515.254092
270.0,2201,8524.224319
135.0,1909,8531.993618
395.0,3027,8544.476305
145.0,2011,8553.003978
235.0,2531,8563.343637
220.0,2983,8575.514256
245.0,2881,8587.581245
340.0,3583,8601.848293
295.0,2911,8613.67846
210.0,1877,8621.097986
245.0,2515,8631.090601
170.0,1929,8638.848597
345.0,4229,8655.883527
160.0,1935,8663.429264
265.0,2083,8671.823554
55.0,1129,8676.187516
170.0,1885,8683.930378
300.0,3825,8699.223114
200.0,2003,8707.323527
220.0,2393,8716.956694
220.0,2449,8726.80146
70.0,1131,8731.249644
320.0,3245,8744.460851
250.0,2227,8753.317314
250.0,2515,8763.536754
240.0,2107,8772.005471
310.0,2649,8782.653978
290.0,2119,8791.188643
180.0,2079,8799.522116
195.0,2933,8811.305531
220.0,2061,8819.560239
280.0,2693,8830.337691
355.0,4227,8847.344004
215.0,1815,8854.595772
180.0,1635,8861.026827
375.0,3307,8874.124004
265.0,2295,8883.448838
235.0,2425,8893.054488
405.0,4115,8909.631034
80.0,1053,8913.682181
255.0,2691,8924.488272
365.0,2825,8935.679883
195.0,3301,8948.955248
260.0,2767,8959.953991
105.0,1925,8967.558859
240.0,3849,8982.941444
235.0,2507,8993.086867
355.0,2621,9003.84212
225.0,2455,9013.607053
260.0,2803,9024.647144
650.0,4021,9040.71397
235.0,2221,9049.606553
620.0,4665,9068.312305
545.0,3273,9081.274888
235.0,2445,9090.964228
455.0,4465,9108.79229
135.0,1633,9115.290865
480.0,4215,9132.06597
105.0,1543,9138.151886
120.0,1331,9143.217567
170.0,2115,9151.59779
210.0,2037,9159.689034
245.0,1959,9167.431717
245.0,1917,9175.003962
235.0,2615,9185.405317
370.0,2885,9196.81938
140.0,2093,9205.016769
160.0,1875,9212.305684
240.0,3223,9225.217177
125.0,2025,9233.207631
240.0,3197,9246.696975
215.0,1851,9254.048745
305.0,3193,9266.676281
215.0,2453,9276.576637
180.0,1947,9284.222444
230.0,2463,9294.102409
240.0,2655,9304.681406
225.0,2769,9315.732617
115.0,2135,9324.209864
850.0,5123,9344.766652
65.0,1063,9348.866118
215.0,1959,9357.157362
185.0,1805,9364.532647
250.0,2291,9373.684325
70.0,1127,9378.150048
180.0,2843,9389.47254
590.0,4441,9407.834415
470.0,3393,9421.337719
190.0,2051,9429.454921
365.0,3181,9442.182622
310.0,2953,9453.946966
250.0,2007,9461.923601
75.0,1067,9466.066981
180.0,2053,9474.205128
195.0,3561,9488.602106
295.0,2003,9496.605603
135.0,1885,9504.135014
380.0,3223,9517.020998
215.0,2483,9526.988303
220.0,3087,9539.188117
225.0,2265,9552.254755
515.0,3181,9566.802708
935.0,6513,9596.191349
125.0,1655,9603.131457
105.0,1197,9608.334257
95.0,1585,9615.452862
270.0,2099,9624.367737
380.0,3039,9637.497059
195.0,2035,9646.183294
155.0,2405,9656.984021
165.0,1827,9665.116036
90.0,1569,9671.737336
190.0,1901,9680.306655
165.0,1995,9688.863808
205.0,1891,9697.018556
220.0,2291,9707.180533
150.0,1945,9715.626988
270.0,2491,9745.395562
195.0,1767,9753.192181
280.0,2129,9762.347697
300.0,2863,9774.80206
335.0,4003,9792.155585
160.0,2095,9801.607513
235.0,2349,9811.591049
365.0,2829,9823.758208
165.0,1937,9832.525343
215.0,1939,9840.792879
395.0,4337,9859.682854
425.0,3557,9875.339051
155.0,2085,9884.328206
305.0,3277,9898.249569
215.0,2013,9906.898213
400.0,4261,9927.384702
270.0,2611,9938.70267
170.0,1845,9946.732223
470.0,3189,9960.68448
105.0,1119,9965.326351
195.0,2013,9973.938367
175.0,2047,9983.114587
90.0,1087,9987.70022
710.0,3833,10004.131668
185.0,2011,10012.703596
270.0,3253,10027.010591
340.0,2639,10038.372809
125.0,1991,10046.762616
105.0,1055,10051.438233
440.0,2321,10061.495989
405.0,4063,10078.977292
285.0,3295,10093.780046
220.0,2799,10106.121984
255.0,2613,10117.391637
320.0,3815,10133.730089
285.0,2681,10145.191604
475.0,2667,10156.570626
295.0,2591,10167.595268
370.0,3195,10181.728355
110.0,1169,10186.820474
350.0,2863,10199.221152
220.0,2441,10209.801902
295.0,3037,10222.956851
290.0,2835,10235.22789
335.0,3241,10249.097776
520.0,3921,10266.834559
240.0,2297,10277.463028
535.0,3481,10292.761526
185.0,1561,10299.783601
90.0,1673,10307.483934
175.0,1861,10315.540601
175.0,1927,10324.181591
210.0,2471,10334.960209
100.0,1473,10341.247631
375.0,2649,10352.645477
350.0,3279,10367.104554
255.0,2563,10378.034424
240.0,2281,10387.776361
265.0,2329,10397.903851
190.0,2013,10406.235747
55.0,1173,10411.050004
130.0,1667,10418.188336
180.0,1933,10426.389122
230.0,2013,10434.692734
515.0,2793,10446.293034
215.0,1863,10455.075536
310.0,2581,10466.45308
215.0,2225,10475.967073
225.0,2089,10485.203336
155.0,1933,10493.597487
205.0,1637,10500.373368
210.0,2139,10509.479731
105.0,1073,10514.072367
255.0,2199,10523.288972
350.0,2543,10533.94509
160.0,2431,10544.679729
400.0,3521,10559.656763
350.0,2795,10571.594148
390.0,3853,10588.218553
605.0,4143,10606.003044
280.0,2389,10616.037913
230.0,2063,10624.781516
270.0,1973,10633.305899
250.0,1995,10642.615088
465.0,3907,10659.02584
250.0,1983,10667.685999
270.0,2601,10678.764065
145.0,2663,10689.931651
165.0,2077,10698.62779
265.0,2585,10709.625091
85.0,1065,10714.077143
225.0,2637,10725.046516
455.0,3623,10740.549212
330.0,3095,10753.469711
220.0,2049,10762.076267
200.0,1915,10770.311785
655.0,4403,10789.191704
145.0,1905,10797.477343
425.0,4405,10816.578859
210.0,1779,10824.806495
340.0,3139,10838.100318
110.0,1075,10842.428292
220.0,1883,10850.527319
85.0,1529,10857.005291
220.0,2121,10866.030209
320.0,2475,10876.887403
450.0,3851,10893.333591
460.0,4407,10911.912352
75.0,1043,10916.186016
560.0,3081,10929.901067
600.0,4705,10950.0174
225.0,2105,10958.783449
380.0,3177,10972.497159
330.0,2473,10982.816627
85.0,1059,10987.180713
110.0,1193,10992.259907
210.0,3043,11006.184569
155.0,1507,11012.563534
140.0,1829,11020.443134
220.0,1681,11027.945636
210.0,1871,11035.613477
280.0,2123,11044.733557
245.0,3563,11060.368385
365.0,2619,11071.6363
95.0,2333,11081.510005
250.0,2733,11093.55073
130.0,2389,11103.797931
275.0,2553,11114.661008
270.0,2453,11124.961811
275.0,3439,11140.23897
325.0,2561,11151.241989
170.0,2017,11160.475908
120.0,1605,11167.758524
310.0,2753,11179.715577
360.0,3105,11193.941002
130.0,1609,11200.997129
360.0,4197,11219.744334
300.0,2727,11231.367848
395.0,3239,11245.081508
700.0,3897,11262.340393
80.0,1895,11270.533771
85.0,1901,11278.581081
170.0,1919,11287.248801
165.0,1955,11295.475656
340.0,3893,11312.330232
105.0,1077,11316.959781
200.0,2123,11326.229721
150.0,1539,11332.809362
175.0,2321,11342.545229
365.0,3043,11356.673164
65.0,1339,11361.948418
200.0,2563,11372.47334
155.0,1975,11380.511577
65.0,1091,11385.047475
385.0,3675,11400.251971
305.0,2980,11412.188475
360.0,2853,11424.024912
600.0,3681,11439.033682
320.0,2688,11449.871717
130.0,1909,11457.510865
260.0,2807,11469.166071
225.0,1907,11476.791423
395.0,3374,11490.718457
245.0,2263,11516.163376
265.0,2805,11527.576887
210.0,1899,11535.433668
365.0,2561,11547.326728
535.0,2881,11560.587294
140.0,1825,11568.125412
225.0,1787,11575.397314
220.0,1993,11583.086107
625.0,2757,11594.387004
235.0,2205,11603.353037
465.0,5081,11624.271151
185.0,1743,11631.209835
90.0,1663,11638.07687
365.0,2875,11649.784246
190.0,1885,11657.491881
75.0,1077,11661.610723
145.0,2623,11672.186378
120.0,1137,11676.82778
75.0,1313,11681.96012
245.0,2457,11691.946611
210.0,1867,11699.654082
435.0,3281,11713.050982
250.0,2469,11723.032959
175.0,1947,11731.015789
135.0,1219,11736.018768
165.0,1939,11743.659554
155.0,1179,11748.524541
205.0,2601,11758.952939
65.0,1413,11764.746812
340.0,2737,11776.484053
100.0,1337,11781.671939
200.0,1939,11789.656226
90.0,1115,11794.038074
85.0,1311,11799.265001
65.0,1197,11803.92308
410.0,3247,11817.217847
365.0,2845,11828.706096
175.0,2105,11837.282197
185.0,1857,11844.845449
520.0,2879,11856.50651
220.0,3623,11871.307951
335.0,2277,11880.589922
105.0,1563,11886.855807
255.0,2255,11896.036955
185.0,1943,11903.743284
215.0,1931,11911.687002
140.0,1811,11919.112466
80.0,1125,11923.460251
365.0,2925,11935.469479
110.0,1385,11941.062593
110.0,1545,11947.40834
205.0,2607,11957.713326
75.0,1299,11962.851945
605.0,4089,11979.175276
270.0,2725,11990.494175
450.0,3233,12003.568046
125.0,1561,12009.790211
345.0,3749,12025.124671
105.0,1317,12030.390999
85.0,1145,12034.972058
110.0,2077,12043.37786
440.0,3269,12056.95997
305.0,3140,12069.881179
205.0,2487,12079.792379
610.0,4591,12098.940434
215.0,2273,12108.6912
330.0,3199,12121.651542
120.0,1883,12129.434144
180.0,1867,12137.743507
155.0,1965,12146.676192
635.0,4331,12170.75553
210.0,2191,12181.910916
190.0,1971,12196.019542
25.0,1693,12207.996443
260.0,2979,12220.634224
545.0,2521,12231.895619
180.0,1921,12239.588557
230.0,1993,12247.821792
50.0,1519,12254.473283
185.0,1957,12262.307997
365.0,2709,12273.985986
575.0,3887,12289.931714
250.0,2751,12301.074154
510.0,3997,12317.066251
125.0,1623,12324.005938
215.0,2321,12333.22986
220.0,1935,12341.09757
175.0,1499,12347.396951
315.0,2657,12357.934167
230.0,2213,12366.996815
365.0,2979,12380.43091
140.0,1593,12386.765244
290.0,2153,12395.630402
355.0,3269,12409.067649
295.0,3124,12422.558811
155.0,1557,12428.984197
110.0,1341,12434.160269
325.0,2734,12445.980691
340.0,3661,12460.863356
160.0,1465,12466.823998
490.0,2453,12477.384973
120.0,1683,12483.937227
300.0,2245,12493.118327
200.0,1607,12499.851537
375.0,2965,12512.40675
320.0,2652,12523.130204
300.0,3245,12537.029176
75.0,1293,12542.502759
595.0,4015,12558.879972
295.0,2387,12568.385325
230.0,1657,12575.448909
120.0,1301,12580.570769
210.0,1487,12586.544979
75.0,1149,12591.040648
225.0,2809,12603.318272
305.0,2749,12614.151352
190.0,2133,12622.452579
100.0,1355,12628.179531
165.0,2059,12636.508154
240.0,2413,12646.120003
90.0,1303,12651.449317
180.0,1631,12658.131395
215.0,1999,12666.037416
85.0,1301,12671.102065
205.0,2045,12679.670863
190.0,1485,12685.462446
540.0,3297,12698.697647
180.0,1693,12705.955871
185.0,1563,12712.091568
185.0,1847,12719.796496
460.0,2855,12731.686337
360.0,3395,12745.240226
235.0,1907,12752.85415
125.0,1107,12757.187723
330.0,2411,12767.195533
270.0,2437,12776.872417
240.0,1679,12783.449522
350.0,2463,12793.718952
200.0,1769,12800.745326
390.0,2617,12813.005586
360.0,2845,12834.625525
400.0,3417,12860.455222
430.0,3757,12889.997803
605.0,3529,12919.81962
255.0,2059,12937.844372
185.0,1963,12953.776819
350.0,3131,12981.800323
110.0,1371,12993.959375
270.0,2347,13013.507049
320.0,2355,13035.084027
610.0,3227,13057.839078
215.0,2007,13075.013203
820.0,3712,13104.256655
175.0,1559,13117.194542
145.0,1883,13133.256455
365.0,3992,13165.124902
345.0,2587,13185.730043
160.0,1493,13196.728154
390.0,3691,13225.528044
275.0,2209,13240.753582
105.0,1125,13248.919581
140.0,1731,13260.859412
110.0,1217,13271.801811
145.0,1119,13281.911229
245.0,2525,13300.680309
310.0,3082,13321.611728
420.0,3329,13350.839036
240.0,2189,13369.881705
300.0,3065,13390.494924
190.0,2045,13408.79541
185.0,2007,13426.195564
400.0,3985,13454.694965
470.0,3403,13478.603211
230.0,2025,13496.756633
135.0,1297,13507.152113
190.0,1937,13521.844138
370.0,2949,13543.513436
160.0,1967,13556.881688
265.0,2461,13608.377489
230.0,2083,13619.84572
230.0,2025,13636.905694
465.0,3383,13660.646089
190.0,2149,13678.508961
115.0,1473,13690.885277
425.0,3559,13718.083893
250.0,2303,13737.961834
240.0,2085,13755.753741
425.0,3261,13783.529494
340.0,2909,13804.49288
390.0,3354,13833.22101
370.0,3183,13861.38466
240.0,2089,13876.8912
205.0,1905,13893.353637
230.0,2269,13910.091454
230.0,1987,13927.069682
395.0,2551,13944.994021
255.0,2135,13962.296302
410.0,3763,13993.393796
290.0,2995,14019.596323
165.0,2709,14039.896418
160.0,1577,14053.470185
555.0,3135,14082.063354
365.0,3099,14105.526601
345.0,2635,14128.841841
35.0,1277,14140.274654
360.0,3093,14164.819149
300.0,2533,14183.731574
225.0,2545,14205.749725
200.0,2497,14225.850628
150.0,1945,14238.666063
95.0,1533,14252.580783
230.0,2625,14273.700299
480.0,3127,14301.070928
270.0,2281,14320.91563
360.0,2821,14347.313503
150.0,1519,14355.529281
100.0,1669,14368.870483
145.0,1511,14382.34764
390.0,3449,14411.268015
270.0,2271,14429.467692
310.0,3151,14456.649139
350.0,2791,14476.929127
185.0,1957,14495.287265
75.0,1387,14505.201123
315.0,2883,14531.006577
355.0,2895,14549.042348
235.0,1913,14566.779602
205.0,1969,14583.271586
220.0,1923,14599.510474
110.0,1445,14606.008175
490.0,4179,14641.318845
280.0,3085,14668.264136
370.0,3417,14696.053171
265.0,2343,14711.239503
215.0,3113,14733.017976
260.0,2625,14745.889945
70.0,1169,14751.895144
250.0,2277,14767.865156
245.0,2125,14779.080114
160.0,1921,14788.395378
240.0,2105,14799.183582
355.0,2717,14813.946493
290.0,2263,14827.975352
340.0,2892,14843.754078
180.0,2137,14865.070661
280.0,2703,14889.077393
190.0,1925,14906.293068
285.0,2339,14923.600247
305.0,2967,14942.029949
135.0,1619,14950.816319
200.0,1925,14962.166989
185.0,1957,14975.094541
285.0,1845,14988.657825
140.0,1301,15001.879084
235.0,1963,15016.240683
345.0,2735,15031.931053
220.0,1945,15041.970525
70.0,1529,15051.605552
185.0,1585,15061.60432
205.0,1909,15073.64816
150.0,1507,15081.965625
235.0,2389,15095.314075
350.0,2765,15109.613413
370.0,3245,15126.596969
490.0,3817,15146.644357
305.0,2497,15159.710426
140.0,1561,15167.647453
55.0,1057,15172.725804
240.0,2601,15186.192599
200.0,1865,15195.143258
375.0,2901,15209.101571
205.0,1925,15220.900959
230.0,2003,15237.286295
175.0,1959,15252.654989
570.0,3701,15277.409523
260.0,2719,15291.968522
500.0,3549,15318.349379
165.0,2003,15334.407089
75.0,1213,15343.027272
355.0,2617,15359.918255
165.0,1939,15378.421129
130.0,1499,15392.690861
165.0,1975,15411.338522
50.0,1049,15420.865413
60.0,1111,15431.716112
70.0,1081,15445.855915
220.0,1889,15460.166581
245.0,2341,15486.510544
240.0,2075,15503.257885
290.0,2923,15530.205991
50.0,1083,15541.749171
305.0,2847,15565.720418
430.0,2805,15588.667006
205.0,1931,15605.27033
225.0,2073,15619.707489
150.0,1513,15631.794407
220.0,1605,15644.03714
300.0,2403,15663.395367
345.0,3697,15685.61502
515.0,2805,15709.269943
50.0,1049,15713.992543
230.0,2239,15734.270505
340.0,3138,15756.353216
125.0,1865,15773.857658
95.0,1349,15782.091788
170.0,1547,15792.056919
95.0,1543,15801.349031
235.0,2503,15822.851541
190.0,2091,15833.989089
95.0,1317,15841.328076
200.0,1917,15853.026426
75.0,1125,15859.571854
285.0,2601,15873.176937
170.0,1623,15881.796554
295.0,2601,15897.939933
200.0,1917,15909.988713
255.0,2705,15924.646493
185.0,1721,15933.843498
295.0,2187,15945.739437
115.0,1623,15953.872151
470.0,2589,15970.099895
95.0,1733,15984.779725
265.0,1895,15995.38301
235.0,1817,16004.852546
125.0,1429,16013.143392
60.0,1103,16023.912999
140.0,1917,16033.576966
540.0,2817,16065.749265
335.0,3531,16084.64635
365.0,2947,16100.390014
130.0,1695,16110.535015
250.0,2479,16126.22928
570.0,2945,16150.587081
255.0,2311,16169.357507
225.0,1941,16178.269001
360.0,2573,16202.358464
200.0,1939,16219.293561
255.0,2177,16232.563824
305.0,2957,16254.600535
230.0,1485,16264.102455
205.0,1937,16274.087145
135.0,1475,16281.635319
125.0,1579,16289.73421
195.0,1733,16298.225217
65.0,1077,16303.40441
130.0,1653,16313.352736
285.0,2609,16327.528875
185.0,1775,16337.371376
65.0,1113,16343.931312
250.0,2397,16363.890695
65.0,1341,16374.194259
175.0,1639,16382.846832
195.0,1487,16394.044549
275.0,2437,16408.157971
495.0,2183,16421.988245
130.0,1525,16435.700407
515.0,2981,16456.673548
225.0,2095,16468.337538
350.0,2775,16485.635232
205.0,2061,16498.369005
240.0,2763,16517.591753
205.0,2145,16530.633287
140.0,1637,16571.701186
135.0,1515,16582.16454
105.0,1399,16589.506553
285.0,2571,16603.113194
175.0,1979,16614.057825
400.0,3145,16634.617966
35.0,1271,16648.24281
550.0,2803,16666.890902
235.0,2129,16685.479445
190.0,1477,16700.230269
125.0,1529,16711.207592
245.0,2889,16731.36158
195.0,1537,16744.168113
165.0,1573,16759.866502
495.0,2741,16776.593993
335.0,2341,16792.061851
215.0,1929,16806.865138
90.0,1029,16815.553022
245.0,3466,16839.451602
270.0,2727,16859.279586
340.0,2479,16878.36829
90.0,1131,16884.613179
265.0,3395,16915.4587
190.0,1491,16922.640071
160.0,1613,16938.474041
140.0,1481,16951.728382
95.0,1075,16956.757163
95.0,1439,16969.749826
60.0,1177,16982.150814
90.0,1119,16988.672765
210.0,1533,17002.415014
120.0,1531,17016.797855
210.0,1519,17027.885152
490.0,2378,17049.733806
85.0,1059,17057.471348
470.0,2499,17081.321888
310.0,2974,17102.636637
555.0,3436,17129.752497
270.0,1817,17148.452761
250.0,1885,17161.77354
710.0,3485,17194.81186
190.0,2065,17214.5094
300.0,2583,17237.944311
195.0,1991,17255.861778
230.0,2117,17272.992047
550.0,2369,17288.487797
565.0,3927,17306.252564
75.0,1131,17311.127625
80.0,1137,17316.041215
200.0,2607,17328.360862
440.0,3512,17344.185941
370.0,3151,17357.874277
315.0,2545,17368.767876
405.0,2541,17380.413832
325.0,2671,17391.846545
165.0,1551,17398.516217
250.0,2331,17409.032154
35.0,1059,17413.430189
85.0,1165,17418.524357
200.0,2023,17428.247014
165.0,1521,17435.412583
135.0,1555,17442.011269
580.0,3389,17457.533329
515.0,2490,17468.973324
330.0,2773,17480.926465
225.0,1965,17489.363656
510.0,2573,17501.446754
260.0,2089,17511.12707
85.0,1141,17516.023732
320.0,2267,17525.880542
185.0,1637,17533.69185
355.0,2801,17545.872303
330.0,2519,17556.607778
215.0,1695,17564.488443
595.0,3149,17578.054004
410.0,3143,17591.696513
190.0,1613,17598.586208
290.0,2859,17612.952069
790.0,3415,17628.513996
175.0,1527,17635.081909
115.0,1383,17640.90709
320.0,2907,17654.612758
395.0,2355,17664.655474
105.0,1111,17669.232688
165.0,1597,17676.265661
345.0,2930,17689.396111
290.0,2604,17700.634953
355.0,2823,17712.64863
80.0,1087,17717.429945
280.0,1997,17726.229326
210.0,2255,17735.793911
455.0,3141,17749.360399
325.0,2633,17764.460354
225.0,2739,17776.339444
505.0,3185,17790.664381
365.0,2668,17803.374368
195.0,1597,17811.240341
415.0,2989,17825.072098
235.0,2013,17834.71128
100.0,1403,17841.840436
150.0,1565,17849.988959
240.0,2133,17860.3916
120.0,1435,17867.635984
320.0,2517,17880.492143
425.0,3231,17896.920107
475.0,2851,17911.103667
225.0,1859,17920.734062
190.0,1607,17928.346616
230.0,2181,17938.797708
315.0,2161,17949.698684
205.0,2087,17959.616268
425.0,2927,17974.870677
90.0,1135,17981.203347
490.0,2299,17992.447021
355.0,3195,18008.162364
320.0,2892,18022.110536
475.0,3273,18039.147524
255.0,2205,18049.918796
70.0,1133,18055.235068
325.0,2201,18066.826396
215.0,1531,18074.074031
550.0,2613,18086.472828
230.0,2793,18100.269728
215.0,1791,18108.923433
675.0,3037,18123.871729
335.0,2753,18137.094028
275.0,2773,18150.490471
230.0,2141,18161.513367
175.0,1537,18167.939771
240.0,2107,18177.769248
340.0,2297,18187.618754
125.0,1079,18192.130664
265.0,2641,18204.017699
190.0,1465,18210.234067
520.0,2785,18222.10663
110.0,1449,18228.299753
290.0,1913,18237.101048
85.0,1135,18241.986051
340.0,2559,18252.963705
275.0,2587,18264.967158
165.0,1569,18271.747459
625.0,3349,18286.218777
350.0,2723,18297.960581
480.0,3021,18311.695361
210.0,2073,18320.476512
575.0,4405,18340.809026
405.0,2688,18352.542905
175.0,1565,18360.463673
340.0,2589,18371.595002
300.0,3679,18387.19913
260.0,2421,18398.223404
245.0,1897,18406.68956
145.0,1597,18413.516115
610.0,3365,18428.716424
215.0,1641,18435.763181
210.0,1895,18443.770181
290.0,2638,18455.137664
225.0,1955,18464.520089
275.0,1903,18472.825454
895.0,4377,18491.931962
275.0,2323,18503.175641
280.0,1723,18510.339931
645.0,3207,18523.664129
460.0,2589,18534.276367
325.0,2919,18546.095999
280.0,2849,18557.520043
195.0,1669,18564.090988
100.0,1127,18568.866633
140.0,1467,18574.700524
190.0,1513,18580.899608
315.0,2345,18590.709932
125.0,1127,18595.34184
125.0,1121,18599.722961
375.0,2453,18609.847131
245.0,2065,18618.905538
445.0,3032,18631.094496
415.0,3373,18644.635894
145.0,1525,18651.28933
590.0,2385,18661.481527
335.0,3899,18677.147587
510.0,3279,18690.624064
175.0,1435,18696.107797
405.0,3201,18709.065524
270.0,1943,18730.988977
260.0,2735,18742.402536
195.0,1527,18748.298827
520.0,3093,18760.687222
325.0,2919,18772.849746
310.0,2507,18782.933028
260.0,1911,18790.540665
275.0,1963,18798.45063
275.0,2773,18809.904025
630.0,3067,18822.322496
200.0,1543,18828.451655
185.0,1517,18834.876635
410.0,3337,18849.143288
460.0,2305,18858.303841
230.0,1815,18865.702109
170.0,1447,18871.917379
345.0,2541,18882.472755
145.0,1737,18889.284324
255.0,1501,18895.81631
435.0,2861,18907.126653
200.0,1491,18912.973205
230.0,2153,18921.695433
215.0,1515,18927.734275
100.0,1071,18931.87076
210.0,1507,18938.108414
210.0,1495,18943.929176
210.0,1515,18949.919587
100.0,1083,18954.198575
650.0,3317,18967.748924
450.0,3605,18982.204489
230.0,1587,18988.263111
125.0,1121,18992.994379
390.0,2541,19003.140658
260.0,1935,19010.946783
230.0,1545,19017.364095
225.0,1481,19023.412415
395.0,2994,19035.323139
375.0,2458,19045.143412
125.0,1123,19049.878967
535.0,2637,19060.309476
355.0,2157,19068.846456
365.0,2561,19079.475215
200.0,1465,19085.294147
230.0,1805,19092.414727
305.0,2732,19103.409903
255.0,1959,19111.75829
490.0,3347,19126.013394
200.0,1569,19132.025502
475.0,3521,19146.229162
410.0,2909,19158.066938
310.0,1745,19164.954844
260.0,1911,19172.55315
340.0,2883,19184.729108
235.0,1957,19192.5416
270.0,2813,19203.887503
445.0,3429,19217.517059
240.0,1459,19223.662878
185.0,1495,19229.617864
320.0,3139,19242.093996
125.0,1123,19246.757315
125.0,1123,19251.463204
175.0,1389,19257.335604
245.0,2109,19266.301434
235.0,2015,19274.418831
240.0,1547,19280.514229
70.0,1029,19284.533158
240.0,1579,19291.817569
240.0,1579,19298.093339
195.0,1567,19304.286849
240.0,1521,19311.246792
210.0,2039,19319.495345
305.0,2555,19330.040069
295.0,2519,19340.334933
210.0,1581,19346.576136
100.0,1119,19351.009856
330.0,2463,19360.860601
240.0,1529,19367.139893
470.0,3933,19384.049447
485.0,4021,19402.207414
240.0,1487,19408.309848
225.0,1571,19415.2139
130.0,1097,19419.900652
295.0,2543,19430.443582
240.0,1477,19436.724513
440.0,2699,19447.528695
230.0,1529,19453.521079
245.0,2233,19463.191736
195.0,1643,19469.706902
235.0,1697,19476.364443
320.0,2307,19485.76078
345.0,2149,19494.980551
125.0,1119,19499.356659
195.0,1557,19505.542585
260.0,1523,19512.040478
240.0,2409,19521.669478
505.0,3905,19537.365322
555.0,3680,19552.603806
240.0,1503,19559.198422
240.0,1587,19565.497271
195.0,1601,19571.900475
295.0,2671,19583.71961
310.0,2156,19592.369018
310.0,2594,19602.985851
380.0,2247,19611.931507
410.0,3770,19627.425086
90.0,1173,19632.445657
285.0,2669,19643.226363
355.0,2509,19653.151248
105.0,1149,19657.904398
305.0,1977,19665.854088
270.0,2193,19674.557555
260.0,2801,19685.743486
260.0,1939,19694.046861
240.0,1499,19700.125807
535.0,2711,19710.987455
215.0,1547,19717.530494
855.0,4025,19735.155458
260.0,1905,19742.794739
360.0,2477,19753.571545
230.0,1537,19759.68655
300.0,2469,19769.533763
275.0,2245,19778.89409
135.0,1157,19783.913327
340.0,2151,19792.518559
240.0,1443,19798.385928
240.0,1465,19804.971447
405.0,2113,19813.595522
120.0,1625,19820.115969
190.0,1499,19825.997059
380.0,2360,19836.133168
155.0,1143,19840.644173
185.0,1489,19846.402926
410.0,2781,19858.049674
360.0,2511,19868.620588
290.0,2037,19876.707808
275.0,1779,19883.648764
125.0,1121,19888.662211
395.0,2349,19898.090846
420.0,2551,19908.345531
345.0,3323,19922.657646
210.0,1471,19928.860008
210.0,1485,19934.697455
235.0,1461,19940.437329
210.0,1705,19947.656956
210.0,1487,19953.664331
210.0,1441,19959.30118
230.0,1483,19965.525197
265.0,1781,19972.681151
305.0,2273,19981.757977
240.0,1713,19988.669087
390.0,2479,19998.892213
500.0,4129,20015.452353
510.0,4019,20031.695489
530.0,3475,20046.924197
385.0,2340,20056.336499
110.0,1525,20062.349639
335.0,2331,20072.009503
240.0,1575,20078.586193
650.0,3203,20091.416522
415.0,3368,20104.931168
180.0,1445,20111.087104
365.0,2379,20120.647185
355.0,2535,20130.772534
420.0,2609,20141.45358
210.0,1553,20147.572715
335.0,2113,20156.439735
440.0,3931,20172.460797
280.0,2199,20181.325011
250.0,1709,20188.457508
240.0,1691,20195.056964
335.0,3367,20209.135247
230.0,1963,20217.352229
350.0,2545,20227.400718
295.0,2532,20237.567463
310.0,2685,20248.391272
400.0,2265,20257.738937
775.0,4110,20278.411589
340.0,3061,20292.302605
240.0,1701,20300.638942
315.0,2027,20310.748878
335.0,2290,20321.317559
355.0,2387,20330.711253
305.0,2395,20340.654304
565.0,2535,20353.061777
340.0,2329,20363.602366
535.0,2213,20372.027317
235.0,1639,20378.725359
195.0,1427,20383.894316
300.0,2343,20392.018725
315.0,2440,20401.399676
225.0,1701,20407.34051
265.0,2171,20430.47155
205.0,1591,20435.95072
415.0,3085,20447.888483
305.0,2373,20456.243849
245.0,1925,20463.368126
360.0,2393,20472.360867
400.0,3686,20485.325096
680.0,3047,20496.17392
470.0,3093,20506.941733
605.0,3129,20518.759885
350.0,2952,20529.2729
335.0,2385,20537.578877
350.0,2345,20546.021259
245.0,1745,20553.021256
325.0,2366,20561.243095
290.0,2135,20568.875354
410.0,2553,20578.14315
595.0,2853,20589.131245
245.0,1823,20595.512106
190.0,1577,20600.920885
440.0,3069,20612.123861
485.0,2349,20620.798154
220.0,1715,20626.823617
455.0,2875,20636.978532
255.0,2181,20645.337381
250.0,1551,20650.815569
330.0,2299,20658.835166
425.0,3124,20670.589689
280.0,2171,20678.27471
255.0,1967,20685.10825
800.0,3839,20699.186466
255.0,1925,20706.46885
395.0,2322,20714.678183
295.0,2261,20724.528164
265.0,1931,20731.94698
255.0,1947,20738.73261
255.0,1951,20745.593287
380.0,2839,20756.204165
85.0,1081,20760.546313
450.0,2897,20770.856549
810.0,4005,20784.968889
560.0,3423,20798.687048
510.0,3145,20809.949456
460.0,2925,20820.155253
555.0,2457,20829.415754
365.0,2341,20837.706642
305.0,1995,20844.609313
420.0,3005,20855.741787
435.0,3537,20868.182823
430.0,2509,20877.078208
440.0,3899,20890.976678
475.0,3179,20903.001646
550.0,2590,20911.960824
270.0,2257,20919.899017
385.0,2233,20927.936089
360.0,2285,20936.262851
325.0,2555,20945.328234
380.0,2762,20956.404956
270.0,2179,20965.362445
635.0,2945,20975.839382
255.0,2323,20983.983771
365.0,2373,20992.691736
375.0,2701,21002.80988
705.0,2659,21012.147477
600.0,2993,21023.233202
395.0,2733,21032.782881
285.0,2383,21041.181509
310.0,2291,21049.373805
345.0,2619,21059.843823
35.0,1081,21063.517434
240.0,1863,21070.183965
455.0,3285,21082.824597
290.0,1853,21089.758691
480.0,2981,21100.622438
630.0,3309,21112.832284
125.0,1503,21118.706801
225.0,1581,21124.26199
215.0,1943,21131.09683
280.0,1879,21138.477754
265.0,2077,21146.664748
285.0,2387,21155.060205
295.0,2509,21164.279243
155.0,1471,21169.651314
175.0,1487,21174.879786
315.0,2353,21183.403899
255.0,2181,21192.173503
470.0,3099,21203.363621
275.0,2133,21210.806643
250.0,2275,21219.483087
505.0,2197,21227.268712
370.0,2999,21237.817971
360.0,2609,21247.504265
330.0,2532,21256.39977
305.0,2305,21264.515109
335.0,2493,21273.532954
430.0,2355,21282.439666
420.0,2925,21292.58925
580.0,3117,21303.785464
265.0,2319,21312.632332
465.0,2909,21323.427947
340.0,3169,21334.5515
445.0,2969,21345.889985
260.0,2019,21352.934838
500.0,3171,21364.34802
220.0,1523,21369.709784
390.0,2699,21380.105409
550.0,2789,21389.946808
600.0,3185,21401.174064
190.0,1537,21407.04516
310.0,1919,21414.164083
315.0,3397,21426.250385
310.0,2627,21436.352192
140.0,1523,21441.665391
385.0,2753,21451.266438
325.0,2719,21461.04973
335.0,2355,21470.044151
275.0,2115,21477.476216
380.0,2723,21486.908861
210.0,1605,21493.232103
335.0,2459,21501.986446
270.0,2379,21510.266009
315.0,2387,21519.162614
380.0,2437,21527.789214
220.0,1545,21533.1325
680.0,3227,21544.54457
335.0,2427,21553.707126
215.0,1605,21559.403534
220.0,1669,21566.08922
245.0,1891,21573.881094
250.0,2227,21581.926427
390.0,3163,21593.397309
225.0,1633,21599.726718
560.0,3395,21613.064718
330.0,2453,21621.639099
475.0,3753,21634.897377
180.0,1431,21640.638446
475.0,2801,21650.675486
130.0,1431,21655.829081
410.0,2596,21665.590795
75.0,1949,21672.574214
350.0,2661,21681.822386
480.0,3411,21693.845462
430.0,2928,21704.060059
410.0,3087,21715.987094
315.0,2209,21724.21256
295.0,3195,21735.491848
255.0,3109,21747.09215
385.0,2893,21757.348799
300.0,2181,21764.969726
650.0,3137,21776.377039
395.0,2503,21785.305323
215.0,1687,21791.124436
275.0,2157,21798.576319
460.0,3055,21810.362637
240.0,1733,21816.359456
275.0,2017,21823.415221
340.0,2597,21832.882998
680.0,3999,21847.403518
820.0,3809,21861.24959
270.0,2357,21869.386306
390.0,3381,21882.153423
235.0,1727,21888.19418
245.0,2347,21896.709231
295.0,2211,21905.13196
295.0,2345,21928.07348
380.0,2591,21937.34917
285.0,2483,21946.16622
360.0,3337,21959.341605
345.0,2213,21967.244471
250.0,2379,21975.527814
240.0,1919,21982.848207
510.0,2339,21991.167462
335.0,2627,22000.719068
380.0,2573,22010.709041
345.0,2523,22019.889131
575.0,3581,22032.563915
430.0,3115,22043.488604
520.0,4145,22058.677234
245.0,1861,22065.173407
635.0,3283,22076.898373
245.0,1931,22084.025654
235.0,2639,22093.757558
125.0,1123,22097.822604
340.0,2639,22107.383852
245.0,1633,22113.499163
380.0,2623,22122.63582
460.0,4105,22137.149986
480.0,2971,22148.185581
370.0,2795,22158.062166
360.0,2253,22165.981987
375.0,3193,22179.645744
325.0,2111,22187.563547
585.0,3537,22200.190626
310.0,2355,22208.906255
275.0,2156,22216.452152
260.0,2011,22223.487836
300.0,2571,22232.448151
355.0,2913,22243.232129
430.0,3053,22253.966326
425.0,2971,22264.50368
325.0,2653,22273.909071
290.0,2567,22283.358059
200.0,1493,22288.485563
275.0,2295,22296.615692
200.0,1547,22302.810726
325.0,2307,22310.99593
655.0,3105,22322.008949
140.0,1453,22327.617441
305.0,2489,22336.474233
260.0,2091,22343.671805
315.0,2033,22350.7845
345.0,3139,22362.299061
300.0,2033,22369.298621
320.0,2359,22377.475953
205.0,1947,22384.840587
345.0,3007,22395.238366
220.0,2215,22402.92644
105.0,1115,22406.987179
530.0,3199,22418.752476
215.0,1745,22424.80463
215.0,1989,22431.714175
365.0,2830,22442.160718
365.0,2413,22450.6877
445.0,2957,22461.075594
305.0,2909,22471.486
245.0,1931,22478.7001
265.0,2665,22487.912559
210.0,1719,22494.061244
260.0,2461,22503.135285
295.0,2207,22510.664174
300.0,1919,22517.29569
615.0,3407,22529.744184
385.0,3017,22540.091677
220.0,1895,22546.654776
365.0,2863,22556.644742
340.0,2765,22566.749259
50.0,1171,22570.765968
280.0,1957,22577.543848
465.0,3667,22590.86187
335.0,2997,22601.361379
320.0,2983,22611.653535
170.0,1541,22617.503204
310.0,2319,22625.66159
300.0,1663,22631.276619
370.0,3063,22641.870415
395.0,3851,22655.933327
330.0,2761,22666.127809
185.0,1545,22671.577625
240.0,2575,22681.249292
355.0,2305,22689.355004
400.0,3181,22700.316552
230.0,2515,22709.234443
445.0,2779,22719.478493
210.0,1721,22725.458329
485.0,3807,22738.819301
375.0,2667,22748.829954
160.0,1565,22754.367013
605.0,2609,22763.666133
300.0,2955,22774.53609
285.0,2339,22783.121174
215.0,1517,22789.098515
190.0,1391,22794.907161
305.0,2703,22804.927304
400.0,3327,22816.698923
210.0,1971,22823.609804
465.0,3877,22837.920759
205.0,1485,22843.136709
560.0,2959,22854.142186
315.0,2149,22862.240979
405.0,2323,22870.477711
310.0,2475,22879.016452
410.0,3343,22891.299961
265.0,2059,22899.317268
245.0,2253,22907.429388
250.0,2355,22916.007042
230.0,1795,22923.735173
185.0,1581,22929.360758
225.0,1915,22936.087914
330.0,2489,22945.630061
330.0,2903,22956.380865
195.0,1527,22961.765452
365.0,2655,22971.472585
350.0,3039,22984.181632
220.0,1493,22989.337334
305.0,2293,22997.545488
340.0,2453,23006.755424
200.0,1943,23013.517714
310.0,2455,23022.175169
195.0,1575,23028.130499
185.0,1493,23033.177253
215.0,2377,23041.571975
235.0,2169,23049.458591
220.0,1563,23054.899253
355.0,2555,23063.803548
320.0,2463,23072.225016
260.0,2215,23081.136771
295.0,2189,23088.856041
340.0,2539,23097.967287
235.0,1905,23105.072562
105.0,1485,23110.426172
195.0,1479,23115.470374
410.0,2613,23124.695695
505.0,2819,23135.134067
95.0,1423,23140.203678
270.0,2201,23147.751744
315.0,2291,23156.276968
235.0,1961,23163.386826
195.0,1537,23168.743647
295.0,2425,23177.506492
270.0,2685,23187.27325
440.0,3251,23198.644306
240.0,1801,23204.80188
355.0,2483,23214.063233
160.0,2465,23222.87072
215.0,1869,23229.472849
300.0,2317,23238.233637
345.0,2515,23247.066177
270.0,1703,23253.067048
110.0,1135,23257.16976
250.0,1781,23263.891947
140.0,1527,23269.114236
215.0,1871,23275.650596
140.0,1469,23281.761666
190.0,1725,23287.742055
230.0,2001,23294.603504
370.0,2755,23305.017006
375.0,2529,23313.877511
640.0,3206,23325.199516
290.0,2503,23334.012765
365.0,2671,23344.210491
355.0,2643,23353.562885
265.0,2337,23361.631054
215.0,1911,23368.882668
80.0,1745,23375.026777
420.0,2506,23383.809611
380.0,2893,23394.111927
350.0,3107,23417.163453
115.0,1455,23422.39156
90.0,1083,23426.119116
440.0,3084,23437.889494
215.0,2021,23444.985262
205.0,1951,23451.779316
300.0,2751,23461.491374
380.0,2781,23472.308949
335.0,2725,23481.94393
215.0,2581,23490.931566
365.0,2729,23501.215305
260.0,2247,23509.212165
345.0,2703,23520.113971
225.0,1897,23527.073462
585.0,3265,23538.706681
230.0,1753,23544.898392
220.0,1567,23550.277028
605.0,2378,23559.22145
300.0,2505,23568.009945
405.0,2977,23578.61253
315.0,2455,23587.510252
345.0,2543,23596.312922
500.0,3245,23607.491054
275.0,2279,23615.433841
175.0,1605,23621.380196
245.0,2145,23628.929062
250.0,2131,23636.343471
215.0,1915,23644.981875
70.0,1163,23649.550823
345.0,3177,23660.875464
225.0,1743,23667.425226
275.0,2133,23674.87403
95.0,1159,23678.866893
215.0,2419,23687.351671
290.0,2269,23695.852792
230.0,1947,23702.640975
310.0,2279,23710.653743
255.0,2289,23719.121711
355.0,2569,23728.116815
275.0,1967,23735.029698
205.0,2259,23743.409896
220.0,1957,23750.10704
235.0,1873,23757.176098
195.0,1441,23762.386532
240.0,1997,23769.744978
260.0,2301,23777.97181
405.0,3129,23788.97025
170.0,1871,23795.889668
220.0,1753,23802.110147
295.0,2179,23810.203705
170.0,1507,23815.935877
480.0,2755,23825.64979
490.0,3097,23836.539537
490.0,2649,23845.857558
205.0,1949,23853.060312
245.0,2399,23861.378724
165.0,1399,23866.264277
280.0,2137,23874.146566
395.0,2819,23883.926942
355.0,3447,23896.220247
745.0,3821,23910.180352
155.0,1509,23915.461542
465.0,2851,23925.395993
180.0,1537,23930.754392
110.0,1399,23936.172651
245.0,1747,23942.124541
150.0,1511,23947.360475
675.0,3295,23959.314451
190.0,1577,23964.830168
240.0,1517,23970.14692
300.0,2903,23980.732893
385.0,2593,23989.644936
215.0,1649,23995.557322
230.0,2043,24003.958508
330.0,3081,24015.716699
225.0,2007,24022.636746
320.0,2219,24030.351946
185.0,2011,24037.924882
240.0,1931,24044.631858
465.0,3579,24057.269393
335.0,2645,24066.917254
265.0,2773,24077.109528
240.0,2473,24085.755454
250.0,2359,24093.944989
305.0,2427,24102.917213
245.0,2663,24112.22839
540.0,2791,24123.775358
200.0,1889,24132.324888
565.0,2757,24144.671098
335.0,2485,24155.950154
335.0,2355,24166.838568
375.0,2599,24179.493576
380.0,2773,24190.241526
275.0,1767,24196.525538
250.0,2347,24205.463718
180.0,1511,24210.735937
380.0,2615,24220.016974
335.0,2479,24229.673001
525.0,3431,24241.844979
230.0,2257,24249.790436
495.0,3271,24261.769043
770.0,4177,24276.499817
450.0,2263,24284.248331
130.0,1439,24289.21467
355.0,2711,24299.316394
360.0,2499,24307.985687
445.0,3537,24321.709923
450.0,2147,24330.479435
470.0,2175,24338.16136
235.0,1965,24345.01623
420.0,3523,24357.906399
295.0,2329,24366.889662
630.0,3041,24379.663651
220.0,1917,24386.246156
340.0,2777,24396.622864
285.0,2619,24405.828816
535.0,3107,24416.639782
455.0,3153,24428.369554
350.0,2467,24437.041849
265.0,1867,24443.322948
245.0,2065,24450.575284
390.0,2663,24460.301076
145.0,1481,24465.462727
560.0,2751,24475.016276
630.0,3744,24488.488166
245.0,2241,24496.264025
510.0,3675,24509.010442
585.0,2997,24519.832861
275.0,2535,24528.637126
310.0,2127,24536.002649
575.0,4088,24550.413437
435.0,3119,24561.720188
235.0,2395,24570.238568
320.0,2835,24579.998335
410.0,2573,24589.493433
205.0,2021,24596.762254
525.0,3983,24611.587842
370.0,3209,24624.06298
360.0,2715,24633.584435
220.0,1903,24640.248829
380.0,3077,24651.155835
385.0,2609,24661.51402
270.0,2689,24670.971395
315.0,2643,24680.266172
330.0,2297,24688.885316
160.0,1481,24693.965868
390.0,3087,24704.907664
420.0,3085,24716.287809
345.0,2187,24724.410015
310.0,2029,24731.499579
325.0,2361,24739.574047
245.0,1891,24746.757632
400.0,3225,24757.916074
440.0,3299,24769.551106
455.0,2993,24780.498559
570.0,3328,24792.13637
455.0,3107,24803.221519
305.0,2043,24810.378472
445.0,3091,24821.618191
290.0,2825,24831.469184
365.0,2559,24840.397958
535.0,2545,24849.854944
400.0,2531,24858.626058
600.0,3775,24871.861822
575.0,4155,24886.422411
570.0,3359,24913.545349
220.0,3033,24924.123393
215.0,1937,24930.795288
95.0,1483,24936.421282
240.0,2007,24943.582963
400.0,2837,24953.400223
140.0,1491,24959.18243
215.0,2195,24966.847764
130.0,2155,24974.343736
625.0,2571,24983.951577
265.0,2163,24991.547755
235.0,2711,25000.99025
265.0,2401,25009.373371
450.0,4243,25024.875064
250.0,2063,25032.167992
320.0,2135,25039.772274
480.0,2693,25049.095282
470.0,3363,25061.462782
210.0,1933,25068.261178
465.0,3013,25078.679555
370.0,2729,25088.674659
355.0,2334,25096.840518
315.0,3385,25108.608681
340.0,2801,25118.177543
505.0,3837,25131.904835
440.0,3013,25142.434446
460.0,3019,25152.988008
415.0,2993,25163.804523
430.0,2647,25173.02851
285.0,2621,25182.439804
325.0,3167,25193.841218
80.0,1165,25198.286551
340.0,2513,25207.040008
370.0,2945,25217.726786
225.0,1837,25225.395299
435.0,2803,25235.237126
495.0,3905,25249.050333
515.0,3483,25261.55896
520.0,3335,25273.73718
170.0,2003,25280.563083
290.0,2431,25289.075934
460.0,3559,25301.978083
405.0,2851,25311.873043
235.0,1861,25318.327469
550.0,2809,25329.51426
305.0,2303,25337.498641
275.0,2391,25345.999274
245.0,2069,25353.783379
365.0,2453,25362.930067
295.0,3237,25374.258627
375.0,2567,25383.196808
525.0,2799,25393.573173
515.0,3587,25406.254129
435.0,3251,25417.535073
620.0,2627,25427.192002
215.0,1671,25433.462523
130.0,2073,25440.718976
325.0,2611,25449.850996
195.0,1983,25457.286869
240.0,2249,25465.394842
325.0,2015,25472.441149
250.0,2167,25480.714218
295.0,1617,25486.383277
395.0,2845,25496.546071
255.0,1755,25503.244668
170.0,1927,25510.008194
670.0,3705,25523.051748
190.0,1889,25529.782078
495.0,3839,25543.9145
305.0,3015,25554.945342
520.0,3705,25568.203584
395.0,3181,25579.88172
375.0,3009,25590.449158
495.0,3633,25603.334781
130.0,1593,25609.497302
360.0,2997,25620.218485
270.0,2035,25627.286393
575.0,3645,25640.111029
220.0,1635,25646.344938
645.0,3059,25656.98612
390.0,3315,25668.681369
365.0,2531,25678.147887
295.0,1835,25684.578676
185.0,1891,25691.164324
290.0,2517,25700.616715
535.0,2281,25708.560403
395.0,3513,25720.983489
505.0,3563,25733.514841
755.0,3819,25747.455299
50.0,1445,25752.417285
430.0,3183,25763.68183
320.0,2817,25773.939901
340.0,2643,25783.199035
165.0,1879,25789.782614
240.0,2589,25799.412602
285.0,2391,25808.155344
260.0,2057,25815.353292
515.0,4325,25831.889502
340.0,2595,25841.773917
225.0,1997,25849.400672
290.0,2937,25860.040127
220.0,1797,25866.982358
570.0,3395,25879.665622
395.0,2297,25887.813839
175.0,1977,25895.175122
315.0,2381,25904.071088
480.0,3707,25917.233876
615.0,3019,25927.816869
270.0,2343,25936.936171
410.0,3599,25949.564938
260.0,3273,25961.066627
260.0,2487,25970.321103
520.0,3193,25981.911347
85.0,1061,25985.502993
635.0,3059,25997.178032
525.0,3179,26008.299897
145.0,1553,26013.821773
440.0,3005,26024.303348
595.0,3411,26037.013482
335.0,2905,26047.322986
320.0,2767,26057.055404
25.0,1009,26060.897049
225.0,2173,26068.457451
355.0,3517,26080.864483
295.0,2273,26088.976548
215.0,2061,26096.494161
275.0,2037,26103.58865
445.0,3695,26116.570902
300.0,2239,26124.881374
300.0,2233,26132.62083
600.0,3407,26144.503224
0.0,961,26148.40971
340.0,2727,26158.333827
745.0,3883,26172.069349
260.0,2333,26180.661247
425.0,3571,26193.282905
360.0,3123,26204.309986
105.0,1645,26210.035479
245.0,2209,26218.384002
215.0,1981,26225.176825
230.0,2341,26233.355765
330.0,2985,26244.24169
465.0,3167,26255.834695
195.0,1597,26261.427796
465.0,3919,26275.567754
185.0,1925,26282.265894
480.0,3001,26292.811573
580.0,2809,26302.712275
560.0,3975,26317.137702
305.0,2911,26327.461723
335.0,3033,26337.996614
270.0,2043,26345.699431
240.0,2591,26354.772705
360.0,3049,26381.78233
420.0,3185,26394.400084
320.0,2327,26402.806567
350.0,2531,26411.639789
210.0,1983,26418.591768
520.0,4251,26434.441599
235.0,2587,26444.655886
415.0,2839,26455.636612
400.0,3159,26467.324249
485.0,3041,26478.464492
350.0,2545,26487.735887
395.0,3037,26498.472478
230.0,1459,26504.150885
525.0,4277,26520.138508
655.0,2871,26530.271101
475.0,3371,26542.625735
340.0,2929,26553.013541
555.0,3585,26565.547377
575.0,3955,26580.888081
120.0,1355,26586.040448
440.0,2667,26595.478307
285.0,2169,26603.328506
285.0,1975,26610.669592
580.0,2783,26620.438106
555.0,3655,26633.527919
215.0,1453,26639.183665
510.0,3217,26650.461896
250.0,3263,26661.892054
290.0,1935,26668.685739
580.0,3407,26681.166344
505.0,2927,26691.390026
545.0,3437,26703.616256
330.0,2677,26713.37836
440.0,2913,26723.564522
100.0,1073,26727.209902
220.0,1927,26734.420495
385.0,2881,26744.527143
210.0,1561,26749.970321
525.0,3459,26762.1096
365.0,2717,26772.186182
300.0,2585,26781.262909
220.0,1751,26787.40232
310.0,2465,26796.407344
410.0,3197,26807.57839
190.0,1481,26812.687503
250.0,1767,26819.763554
200.0,1511,26824.925853
395.0,2487,26833.683666
610.0,4083,26848.015954
205.0,2489,26857.168162
155.0,1635,26862.948164
295.0,2509,26871.528439
225.0,2437,26880.480514
195.0,1905,26887.234456
245.0,2191,26895.025797
480.0,3309,26907.107414
275.0,2393,26915.324977
215.0,2495,26924.069817
600.0,4061,26938.12364
570.0,3756,26951.837247
520.0,4059,26966.040731
745.0,3743,26979.168118
355.0,3232,26990.53545
635.0,3181,27002.138918
390.0,3651,27014.883146
470.0,3075,27025.66409
240.0,2417,27034.499333
305.0,2767,27044.140894
310.0,2476,27053.209723
450.0,2999,27063.950128
520.0,4239,27079.4117
180.0,1915,27086.077339
495.0,3499,27098.100467
405.0,3541,27110.610916
525.0,4173,27125.911582
600.0,4193,27140.520706
335.0,2699,27149.981431
160.0,2027,27157.962014
205.0,2459,27166.589888
425.0,3121,27177.603572
345.0,2459,27186.611678
615.0,3077,27197.449101
525.0,4049,27211.653698
185.0,2089,27218.925167
325.0,2437,27227.904445
445.0,3029,27238.452054
575.0,4199,27255.413604
565.0,3570,27268.038462
170.0,1611,27274.140661
605.0,4251,27288.962078
280.0,2673,27298.443034
615.0,3561,27311.44206
535.0,3569,27323.877575
150.0,1927,27330.56141
495.0,3937,27344.707783
385.0,2691,27354.585734
330.0,2943,27365.066287
570.0,4181,27380.355475
720.0,4063,27394.769614
460.0,2335,27403.080905
430.0,3137,27414.683679
180.0,2089,27422.294121
165.0,2067,27429.490202
155.0,1567,27434.928587
370.0,3065,27446.047014
185.0,1985,27452.940778
355.0,2673,27462.286788
430.0,3981,27476.769379
480.0,3335,27488.409897
185.0,1869,27494.848964
500.0,3647,27507.756264
210.0,1943,27514.995791
515.0,4075,27529.156565
285.0,2717,27538.638647
335.0,2435,27547.613678
140.0,1847,27553.999079
175.0,2247,27561.850958
510.0,3323,27574.007431
165.0,2071,27581.38868
50.0,1637,27587.101938
465.0,3561,27599.614739
250.0,2821,27609.807664
425.0,2943,27620.173381
445.0,3431,27632.153435
425.0,3603,27645.267779
300.0,2915,27655.958947
230.0,2851,27666.978169
140.0,1949,27674.27966
120.0,1717,27680.526577
65.0,1687,27686.408395
450.0,3195,27697.71568
405.0,4133,27712.870181
475.0,3219,27726.219676
425.0,3009,27739.970502
75.0,1427,27746.488319
265.0,2981,27758.268718
30.0,2039,27765.426718
545.0,3840,27779.135496
165.0,1925,27786.457661
490.0,2791,27796.348551
275.0,2547,27805.339399
315.0,3217,27817.172298
300.0,3393,27829.270125
515.0,3905,27843.084386
300.0,3283,27872.776459
165.0,2037,27880.060871
405.0,3123,27890.982504
270.0,2819,27901.076158
330.0,2725,27911.013932
190.0,2081,27918.952604
115.0,2087,27927.536599
260.0,2813,27938.192242
180.0,1995,27945.169991
140.0,2035,27952.183346
405.0,3381,27965.019929
320.0,3175,27976.271858
320.0,3007,27986.734691
110.0,1819,27993.056153
410.0,3597,28006.044424
75.0,1417,28011.026294
505.0,3661,28023.809913
795.0,6635,28047.717651
230.0,2349,28055.925512
265.0,2715,28065.377899
325.0,3069,28076.603618
240.0,2519,28085.384577
425.0,2547,28094.321656
55.0,1829,28100.664004
365.0,3273,28112.572988
520.0,4765,28129.56479
490.0,4321,28145.993176
195.0,1895,28153.199957
390.0,2737,28162.964582
85.0,2223,28171.217191
105.0,2103,28178.748546
215.0,2453,28188.00686
530.0,3815,28201.650917
65.0,1129,28205.55181
345.0,2703,28215.302488
450.0,3461,28227.617204
745.0,4899,28245.410452
300.0,2435,28254.707007
370.0,3421,28268.396667
575.0,3927,28283.623022
395.0,2959,28294.277754
410.0,3007,28305.9009
225.0,2523,28315.560716
260.0,2031,28322.723535
215.0,2421,28331.429816
360.0,3213,28343.537517
250.0,2243,28351.426177
280.0,2631,28360.674633
170.0,1905,28367.917472
335.0,2869,28377.947582
310.0,2315,28385.961801
85.0,1543,28391.679023
545.0,4107,28406.642128
410.0,3625,28419.77885
200.0,1811,28426.150296
455.0,2911,28436.854106
490.0,3311,28448.45321
285.0,2761,28458.226079
830.0,3669,28471.710655
800.0,4145,28486.397326
745.0,3285,28498.118422
540.0,3781,28511.869648
645.0,3585,28524.390714
520.0,3895,28537.917074
440.0,3055,28549.413984
395.0,2651,28559.209798
100.0,1331,28563.817376
575.0,3637,28577.139857
375.0,2671,28587.111349
605.0,3329,28599.947947
490.0,3743,28616.453623
710.0,4075,28632.020042
545.0,3847,28647.0959
500.0,3283,28658.857963
250.0,2579,28667.903023
545.0,3709,28681.88854
305.0,2129,28689.473403
510.0,3199,28700.69803
365.0,2519,28710.515564
355.0,2873,28720.635459
185.0,2911,28730.840218
105.0,1433,28736.336317
345.0,2929,28746.823293
460.0,3633,28759.774555
440.0,3155,28770.890069
155.0,2391,28780.176985
450.0,3609,28793.376569
235.0,1799,28799.830426
570.0,3879,28814.476951
120.0,1477,28819.559515
275.0,2703,28828.979098
300.0,2281,28837.281541
480.0,3143,28848.580884
200.0,2331,28856.6755
525.0,3965,28870.7725
185.0,2503,28880.314254
220.0,1879,28887.99551
655.0,3145,28899.925828
195.0,1851,28906.656218
325.0,2649,28916.335969
515.0,3257,28928.476459
525.0,3449,28941.446169
545.0,3931,28955.26008
360.0,2445,28963.786705
430.0,2677,28972.985382
175.0,1527,28978.866161
190.0,1859,28985.309675
845.0,4513,29001.294553
395.0,2749,29011.467257
235.0,2595,29020.577959
905.0,3937,29034.691762
600.0,3725,29047.801099
655.0,3983,29062.638823
520.0,3553,29075.174872
425.0,2763,29084.756864
315.0,2167,29092.962223
200.0,2385,29101.315911
470.0,3827,29114.753697
375.0,3513,29127.505411
480.0,3763,29140.537668
405.0,3409,29152.566147
150.0,1565,29158.255232
280.0,2009,29165.91916
770.0,4210,29180.792383
500.0,3267,29192.513574
325.0,2529,29202.052758
545.0,4045,29217.014696
745.0,3753,29230.297619
570.0,3731,29244.228299
380.0,3081,29255.184564
410.0,2461,29263.867779
330.0,2395,29272.452607
100.0,1495,29278.258523
555.0,3879,29291.978483
425.0,2733,29301.622255
240.0,1981,29309.202747
520.0,3175,29320.468748
385.0,2337,29328.682031
545.0,3759,29342.364331
285.0,2991,29371.767658
540.0,4151,29386.596493
440.0,2639,29396.049239
865.0,4067,29411.149853
410.0,2933,29421.73658
540.0,3537,29434.144441
500.0,3695,29447.763689
265.0,2073,29455.077162
630.0,4641,29471.627328
250.0,2919,29482.593383
330.0,2507,29491.520165
420.0,2581,29501.812236
325.0,2395,29510.993106
640.0,2857,29521.884732
400.0,3295,29533.443567
600.0,3579,29546.087261
600.0,3557,29559.41272
315.0,2557,29568.723243
480.0,4143,29583.245004
470.0,3379,29595.122376
195.0,2203,29603.5346
540.0,4273,29618.811723
500.0,4019,29633.047902
455.0,4245,29648.667413
290.0,2005,29655.699688
350.0,2755,29665.439922
355.0,2819,29676.128236
750.0,3481,29688.341933
415.0,3341,29700.194906
175.0,2013,29707.2073
430.0,3629,29720.748764
600.0,4341,29736.194351
685.0,4689,29752.577434
370.0,2747,29762.760726
335.0,3039,29773.505108
800.0,3781,29786.855604
305.0,2583,29796.36964
520.0,3807,29810.19563
515.0,4203,29825.251134
630.0,4049,29839.458382
500.0,2845,29850.407457
505.0,3243,29861.873135
770.0,3895,29875.577549
545.0,3933,29890.266092
985.0,6247,29912.213591
440.0,3441,29924.358964
350.0,2559,29933.861743
730.0,4903,29951.136592
670.0,4513,29966.946848
465.0,2885,29977.088868
305.0,2223,29985.384527
530.0,3853,29999.037889
395.0,3185,30010.157165
370.0,2689,30020.143682
450.0,3429,30032.262078
575.0,3827,30045.859658
250.0,1945,30053.363213
500.0,3367,30065.605342
545.0,3675,30078.538478
210.0,1957,30085.420697
775.0,5067,30105.181984
605.0,3467,30119.206088
325.0,2203,30127.845671
445.0,3099,30139.643351
75.0,1055,30143.268727
570.0,3633,30156.220034
575.0,4192,30171.328844
530.0,3885,30187.744862
515.0,3565,30200.508686
555.0,3808,30214.130335
440.0,3131,30225.862486
570.0,3255,30237.334233
575.0,3291,30249.047408
435.0,3087,30260.31461
145.0,1527,30266.047472
410.0,3357,30277.975875
495.0,3335,30290.448819
470.0,3199,30301.917616
545.0,3770,30315.739478
410.0,2455,30324.42786
575.0,3487,30337.137776
310.0,2583,30346.651886
695.0,3655,30359.740492
375.0,2565,30368.741513
305.0,2235,30377.301795
495.0,3105,30388.235648
570.0,3981,30402.122162
585.0,3629,30415.387304
425.0,2913,30425.897549
770.0,4121,30440.344071
460.0,3023,30450.882373
725.0,3913,30465.380417
455.0,3609,30478.011651
605.0,4153,30492.641855
600.0,3957,30507.089277
300.0,3199,30518.321725
505.0,4015,30532.439036
400.0,3157,30543.627043
300.0,2203,30551.870099
575.0,2731,30561.453967
285.0,2301,30569.638971
155.0,1947,30576.908369
305.0,2685,30586.449631
630.0,2793,30596.470248
800.0,4061,30611.200153
600.0,4149,30625.826173
550.0,3423,30637.92099
570.0,4157,30652.728604
440.0,3151,30664.387015
470.0,3953,30678.433257
545.0,3691,30691.432351
435.0,2861,30701.890359
545.0,4025,30716.29381
275.0,2229,30724.193016
295.0,2111,30732.557447
770.0,4375,30749.41565
325.0,2149,30757.023104
580.0,3799,30770.314822
360.0,2755,30780.415802
840.0,6927,30805.33296
355.0,2487,30814.033623
500.0,2893,30825.020314
525.0,4135,30860.49
270.0,2207,30868.355968
480.0,2705,30877.935655
365.0,2527,30887.271546
280.0,2173,30895.234305
455.0,2849,30905.459479
575.0,4002,30919.80721
495.0,3593,30932.576246
745.0,3533,30945.002579
405.0,2403,30953.600276
505.0,3521,30966.822143
345.0,2551,30975.805891
560.0,2743,30985.575385
300.0,2521,30996.318766
775.0,3899,31011.09932
470.0,2915,31021.638127
490.0,4019,31036.416176
455.0,3271,31048.410019
600.0,3811,31061.601508
485.0,3073,31072.450755
305.0,2397,31081.176917
520.0,3653,31093.894705
360.0,2227,31101.637101
570.0,3751,31115.324184
600.0,3659,31128.124353
385.0,2401,31136.441258
600.0,4161,31150.939929
555.0,3789,31164.734089
600.0,3849,31178.116776
515.0,3317,31189.542665
540.0,3561,31202.582777
365.0,2839,31212.44675
310.0,2157,31219.97724
630.0,4101,31234.157772
470.0,3729,31247.503232
320.0,2287,31255.45142
480.0,3143,31266.502853
610.0,3707,31279.81117
705.0,4105,31294.132476
600.0,4405,31309.485431
160.0,1447,31314.842718
600.0,3813,31328.260754
395.0,3173,31339.597107
580.0,2825,31351.795727
145.0,1439,31357.762225
520.0,4021,31372.701817
425.0,2493,31381.634252
515.0,3301,31393.346336
545.0,3509,31406.185252
705.0,5305,31424.69719
280.0,2369,31432.915479
415.0,3327,31445.297519
740.0,3323,31457.00848
260.0,2109,31464.377324
515.0,3769,31478.309759
485.0,3677,31491.193403
455.0,3745,31504.388131
465.0,3063,31515.304068
575.0,3217,31528.907699
205.0,1497,31534.041142
425.0,2537,31542.884077
520.0,3317,31555.13613
485.0,3369,31567.037768
400.0,2455,31575.756469
595.0,3139,31587.274235
550.0,3968,31601.108791
370.0,3139,31612.084431
525.0,3273,31623.910723
40.0,1053,31627.69382
380.0,3211,31638.927029
415.0,2637,31648.152431
570.0,3657,31661.417163
490.0,4087,31675.703375
390.0,2649,31684.933705
330.0,2695,31694.679554
110.0,1051,31698.328128
805.0,5987,31719.460979
280.0,2279,31727.791946
335.0,2842,31737.84027
420.0,3503,31750.079312
170.0,2009,31757.016112
515.0,3511,31769.928694
200.0,2167,31777.486475
805.0,4183,31792.086842
515.0,3807,31806.035506
375.0,2883,31816.175683
680.0,4475,31831.816049
425.0,3057,31843.029071
195.0,1745,31849.154362
150.0,2159,31857.074225
745.0,3193,31868.160868
745.0,4059,31882.917911
500.0,3399,31894.932171
310.0,2951,31905.507428
670.0,3329,31918.004553
485.0,3643,31930.921471
520.0,3517,31943.151531
725.0,4457,31959.407544
525.0,3535,31972.719601
465.0,3409,31984.952255
805.0,3813,31998.368052
805.0,4161,32013.734886
770.0,3529,32026.195581
580.0,4425,32041.897256
545.0,3621,32054.742155
380.0,3093,32066.093103
190.0,2089,32073.428277
370.0,2415,32081.901838
520.0,3739,32095.970974
270.0,2569,32105.030841
495.0,3145,32115.991794
405.0,3409,32127.841757
275.0,2347,32136.629469
515.0,3635,32150.181564
525.0,4325,32165.590701
685.0,3839,32179.819239
365.0,2807,32189.637181
620.0,2981,32199.928851
270.0,2215,32208.204466
300.0,2141,32215.583486
545.0,3399,32227.572961
640.0,4635,32243.877296
540.0,3561,32256.834008
575.0,4431,32272.253575
235.0,2305,32280.367342
575.0,3209,32292.123746
570.0,4236,32327.313004
805.0,3593,32340.640231
520.0,3683,32354.119032
290.0,2587,32363.300861
470.0,2533,32372.128845
320.0,2535,32381.045906
415.0,2345,32389.878517
330.0,3117,32400.904714
570.0,4363,32416.33529
725.0,3775,32430.036288
630.0,2745,32439.863325
525.0,4035,32454.211321
500.0,3233,32465.530855
360.0,2768,32476.15604
800.0,3871,32489.789046
530.0,3675,32502.570145
800.0,4875,32520.716653
115.0,1909,32527.522669
575.0,4641,32543.674795
390.0,2949,32554.593583
715.0,4257,32570.695994
830.0,4087,32585.892111
485.0,3725,32599.00676
435.0,2925,32610.562327
580.0,3781,32623.806763
355.0,2825,32633.716626
480.0,3735,32647.426553
160.0,1953,32654.254571
405.0,3281,32666.130576
800.0,4431,32681.71764
560.0,2759,32692.128561
600.0,4215,32707.110398
685.0,4119,32721.656261
350.0,2547,32731.010618
515.0,2705,32740.750619
170.0,2007,32747.798961
630.0,4273,32763.56879
265.0,1983,32770.686073
740.0,4771,32788.151144
805.0,3333,32799.854115
455.0,3323,32812.258138
750.0,3423,32825.191946
220.0,2309,32833.289913
135.0,1569,32838.858281
210.0,1939,32846.672708
170.0,1979,32853.649032
800.0,4267,32868.874143
510.0,3341,32880.942985
695.0,4503,32897.32085
325.0,3121,32908.54503
425.0,3037,32919.266928
220.0,2815,32929.771045
570.0,3546,32942.439039
690.0,3611,32955.264565
330.0,3283,32967.213945
605.0,3193,32978.748501
265.0,2151,32986.307757
575.0,3411,32998.608156
405.0,2759,33008.941975
660.0,3801,33022.331251
805.0,3441,33034.523211
460.0,2491,33043.277028
575.0,3593,33056.355044
455.0,2979,33066.928069
775.0,4551,33083.101071
575.0,3993,33097.178505
295.0,1925,33104.452266
485.0,3135,33115.546276
715.0,3979,33129.50544
575.0,3857,33143.496415
295.0,2289,33151.406618
605.0,3653,33165.40067
245.0,2001,33174.074954
975.0,3443,33189.755469
75.0,1031,33193.860184
475.0,2429,33202.503787
485.0,2867,33212.575961
500.0,2849,33223.552598
570.0,2785,33233.233874
390.0,2555,33242.174546
345.0,2399,33251.311806
390.0,2540,33260.260606
490.0,2515,33269.097276
355.0,2588,33278.239712
330.0,2819,33288.946095
330.0,2163,33296.549344
335.0,2235,33304.531584
575.0,4692,33322.010354
365.0,2836,33331.922313
385.0,3291,33343.624177
265.0,2173,33351.80472
530.0,3581,33364.498773
600.0,3145,33375.554695
240.0,2487,33384.297572
340.0,2317,33392.937454
385.0,2827,33402.873421
775.0,3514,33415.230941
340.0,2947,33425.591903
830.0,5211,33444.721427
495.0,3567,33457.303407
220.0,2175,33464.781833
375.0,2615,33474.512263
955.0,5857,33495.357871
250.0,2487,33504.061921
340.0,2291,33511.933922
340.0,2810,33522.819019
335.0,2491,33531.517201
255.0,1933,33538.259333
540.0,2735,33548.409025
510.0,2119,33555.83665
180.0,1937,33562.537184
385.0,2357,33570.706779
800.0,4043,33585.445821
800.0,2869,33595.753793
370.0,2413,33604.309052
380.0,2401,33613.085779
485.0,3365,33625.009312
290.0,2521,33633.852476
440.0,2113,33641.119675
510.0,3169,33652.425749
220.0,2175,33660.698662
500.0,3347,33672.429537
90.0,1179,33676.549675
290.0,2191,33684.729156
435.0,2515,33694.007284
570.0,4037,33708.449085
540.0,3013,33720.414654
70.0,1177,33724.90928
235.0,2209,33732.78307
535.0,4080,33748.499114
570.0,3815,33762.02442
350.0,2743,33771.575981
470.0,2385,33781.723524
275.0,2373,33790.47453
370.0,2631,33821.73643
630.0,3927,33835.974801
695.0,3635,33849.182156
275.0,2149,33857.746193
525.0,3165,33868.901884
330.0,2463,33877.652647
520.0,3459,33889.99593
490.0,3337,33902.831747
570.0,3681,33915.975821
360.0,2607,33925.121266
440.0,2667,33935.162248
555.0,3411,33947.191169
470.0,3527,33959.549575
480.0,3329,33971.647385
475.0,2847,33981.94961
210.0,2005,33989.032432
575.0,3917,34002.815118
470.0,3963,34017.789205
445.0,2681,34029.64458
610.0,2919,34042.672328
395.0,2747,34055.403701
395.0,2747,34067.3998
555.0,2921,34080.041913
535.0,3605,34093.046006
545.0,3691,34106.696438
330.0,2731,34116.416082
175.0,1949,34123.196385
765.0,5589,34143.337563
575.0,3217,34154.729707
570.0,3395,34166.605538
490.0,3577,34179.043166
570.0,3129,34190.341597
575.0,3748,34203.577555
770.0,2769,34213.173364
365.0,3395,34225.389851
465.0,3047,34236.999537
550.0,3639,34249.741715
525.0,3449,34261.667941
520.0,3617,34274.94557
600.0,3739,34288.00639
220.0,1803,34294.342461
600.0,3567,34306.876271
780.0,4043,34321.224121
575.0,3878,34334.670879
585.0,3613,34347.149563
470.0,3191,34358.780493
355.0,2335,34366.740469
205.0,1905,34373.404791
390.0,3185,34385.631566
465.0,2953,34395.880606
450.0,2955,34407.125615
600.0,3881,34422.273953
525.0,3367,34434.172436
600.0,3523,34448.790283
520.0,3711,34461.650029
575.0,3419,34474.326619
395.0,2439,34482.816157
655.0,4531,34498.975241
440.0,3373,34510.975198
525.0,3250,34522.584612
460.0,3669,34535.452219
575.0,2753,34545.213625
770.0,3515,34558.269747
520.0,3135,34570.625504
605.0,3567,34583.016017
175.0,1507,34588.315147
310.0,2133,34596.174586
615.0,3417,34608.628234
605.0,3495,34621.496985
530.0,3305,34633.671682
490.0,3509,34647.076867
600.0,3387,34659.267893
570.0,3667,34672.061664
485.0,3221,34684.095208
1000.0,3735,34697.147711
995.0,6335,34719.554086
400.0,3009,34730.039871
570.0,3633,34743.288075
790.0,4345,34758.564863
545.0,3449,34770.728927
400.0,3183,34781.963463
575.0,3757,34795.51221
415.0,2817,34806.093251
520.0,3633,34818.923509
400.0,2233,34827.825565
525.0,3363,34839.751736
390.0,3151,34851.079116
280.0,2187,34859.500535
710.0,3785,34872.933749
380.0,3021,34883.525725
195.0,1983,34890.475247
395.0,2737,34900.661237
180.0,1923,34907.404474
550.0,2957,34917.791815
120.0,1499,34923.805389
335.0,2495,34932.933633
330.0,2349,34941.118212
440.0,2653,34950.950663
265.0,2197,34958.659088
570.0,4271,34973.620993
540.0,3702,34986.604731
530.0,3147,34998.204244
395.0,2823,35008.187035
745.0,3420,35021.205551
600.0,4079,35037.657022
580.0,4001,35051.746928
160.0,2323,35059.90658
490.0,3585,35072.946285
475.0,3237,35084.739206
605.0,3863,35098.343644
260.0,2041,35105.549823
440.0,2879,35117.099797
450.0,2977,35129.293563
475.0,2577,35138.343039
525.0,3411,35151.145629
390.0,3761,35164.750903
870.0,5463,35184.595391
515.0,3955,35198.949723
115.0,1495,35204.193958
465.0,4097,35218.538848
425.0,3309,35230.147562
305.0,2537,35239.573166
495.0,3635,35252.190336
380.0,3095,35263.03208
305.0,2526,35272.208647
190.0,2607,35281.867536
335.0,2895,35307.90675
530.0,3287,35320.998534
585.0,3387,35332.849791
600.0,3551,35345.190959
515.0,3175,35356.300131
345.0,3231,35367.988829
465.0,3995,35382.08442
725.0,3701,35395.216953
495.0,3057,35406.438042
735.0,3655,35419.106463
490.0,3527,35431.492369
360.0,3059,35442.696363
265.0,2267,35450.677592
445.0,2481,35459.824261
360.0,2865,35469.686861
390.0,3379,35482.076577
475.0,2939,35492.482223
770.0,4021,35506.856401
830.0,4245,35523.010105
1235.0,6029,35544.76809
600.0,3781,35558.011167
580.0,3904,35571.596234
655.0,4175,35586.891108
800.0,3699,35599.955707
490.0,4317,35615.243402
545.0,3821,35629.203107
305.0,1841,35635.818334
440.0,3277,35647.248302
600.0,3553,35659.593415
130.0,1455,35665.25777
545.0,4124,35679.988749
335.0,2597,35688.90643
415.0,2733,35699.057132
335.0,2609,35708.125872
400.0,2477,35716.733132
445.0,2799,35727.093821
805.0,3563,35739.5847
600.0,3819,35753.159194
580.0,3475,35765.615244
570.0,3920,35780.138077
550.0,2761,35789.82887
775.0,4131,35804.437625
890.0,4507,35820.36726
490.0,3155,35831.825067
265.0,2229,35839.726426
540.0,3821,35852.892399
600.0,4063,35867.846259
520.0,3141,35878.849787
670.0,4449,35894.360577
410.0,3279,35905.747082
370.0,2733,35915.924857
600.0,3745,35928.9443
490.0,3577,35941.329754
685.0,3811,35955.149545
460.0,2979,35965.619821
485.0,3531,35977.893865
770.0,3263,35989.209245
360.0,3071,36001.081573
600.0,3423,36013.06051
430.0,2943,36023.460247
460.0,3153,36034.924649
375.0,2593,36043.959092
600.0,4615,36060.116798
575.0,3713,36073.469711
205.0,1535,36078.919985
395.0,2409,36087.325602
600.0,3789,36100.562932
300.0,2753,36110.757632
600.0,3913,36124.955962
860.0,4573,36140.861754
915.0,3605,36154.079574
770.0,3165,36165.206416
570.0,3815,36178.560725
515.0,3438,36190.429627
520.0,3087,36201.904491
605.0,3861,36215.375665
410.0,2893,36225.475091
575.0,3585,36239.189076
370.0,2751,36248.88449
460.0,2997,36259.364818
385.0,3335,36271.810057
605.0,3843,36286.124772
440.0,2865,36296.282449
595.0,3455,36308.411052
750.0,5067,36327.27997
600.0,3753,36340.285133
970.0,3713,36353.643583
665.0,5073,36372.132285
970.0,4210,36387.645466
430.0,3495,36400.778199
575.0,3521,36413.862115
525.0,3229,36425.644043
580.0,3561,36438.787364
220.0,1835,36446.09604
470.0,3029,36456.861457
605.0,3421,36469.968546
425.0,2771,36479.771975
745.0,3787,36493.071214
345.0,2399,36501.599668
415.0,3075,36513.449879
465.0,3489,36525.729277
600.0,4367,36541.110024
555.0,3675,36554.778152
230.0,2023,36561.756054
430.0,3427,36573.642617
365.0,3165,36585.282583
800.0,4459,36601.328554
635.0,3279,36612.892183
210.0,1799,36619.522057
1120.0,5384,36639.072884
335.0,2793,36648.793596
390.0,3263,36660.281058
575.0,3676,36674.278503
720.0,3435,36686.308014
585.0,3630,36699.202657
340.0,2255,36707.299569
300.0,2515,36716.673532
600.0,4051,36730.871129
255.0,1723,36736.793801
355.0,2519,36746.344865
575.0,3552,36758.832793
515.0,3647,36789.8151
225.0,2015,36798.864592
530.0,2585,36809.355063
570.0,4901,36826.544228
200.0,2301,36834.839003
800.0,3643,36848.43868
545.0,3205,36859.579958
545.0,3383,36871.224252
435.0,3157,36883.050791
320.0,2151,36890.512181
495.0,3241,36901.822988
500.0,3383,36914.413709
230.0,2249,36922.113914
275.0,2045,36929.296698
545.0,3793,36943.311396
825.0,3211,36954.524683
200.0,1941,36961.284216
410.0,2793,36971.004512
535.0,3843,36985.321656
320.0,2537,36994.111881
800.0,3957,37007.965732
340.0,3379,37020.405931
505.0,4455,37036.060689
600.0,3591,37048.67642
295.0,2539,37057.505848
500.0,3471,37070.945759
570.0,3115,37081.797124
600.0,3919,37095.491979
490.0,3259,37107.414728
600.0,3519,37119.929216
770.0,3535,37132.315922
290.0,2657,37141.600152
195.0,2067,37149.31478
260.0,2605,37158.543453
320.0,2457,37167.170106
940.0,5545,37187.254277
720.0,5153,37205.337998
600.0,3843,37218.606247
780.0,4106,37233.93766
700.0,3889,37247.453085
300.0,2255,37255.92446
570.0,3589,37268.416547
620.0,3399,37281.126868
330.0,2770,37291.422316
485.0,3165,37302.557815
220.0,1967,37309.601717
995.0,6093,37332.115307
130.0,1477,37337.4106
515.0,3803,37350.835775
810.0,2997,37362.406261
605.0,3997,37377.450237
585.0,3572,37390.857008
960.0,6121,37412.685477
390.0,2511,37422.308964
440.0,3139,37433.459905
185.0,2469,37442.877152
425.0,3135,37455.217101
600.0,3861,37469.443654
525.0,3561,37481.992281
290.0,2587,37491.051768
590.0,3033,37502.137602
335.0,3771,37516.508817
315.0,2687,37527.085841
800.0,4297,37542.265061
585.0,3465,37555.315991
510.0,3797,37568.692234
475.0,4507,37584.618512
550.0,4241,37599.861258
220.0,1767,37606.745409
1005.0,6377,37629.325697
495.0,2563,37638.929131
545.0,3500,37651.195054
520.0,2513,37660.004836
525.0,3621,37672.639648
405.0,2573,37681.492041
745.0,3719,37695.129143
415.0,2525,37703.733868
300.0,2771,37713.450737
460.0,3081,37724.626112
370.0,3203,37735.862354
540.0,3527,37748.278551
250.0,2029,37755.521226
785.0,5765,37776.523245
775.0,3767,37790.462649
460.0,3561,37803.189275
730.0,4197,37817.931379
480.0,3729,37832.140968
490.0,3123,37842.953588
775.0,4781,37859.784521
500.0,3063,37870.526248
600.0,4101,37885.387304
600.0,3933,37900.180911
550.0,3477,37912.355538
390.0,2705,37921.758506
505.0,3541,37934.943591
600.0,4049,37949.190169
475.0,2929,37959.321685
450.0,3329,37971.822261
360.0,2815,37981.650139
485.0,3731,37994.769542
435.0,2901,38005.134384
490.0,3981,38020.04507
405.0,2893,38030.122348
775.0,4371,38047.55159
665.0,3093,38059.330056
515.0,4033,38073.612606
720.0,3877,38087.371762
600.0,3817,38101.202244
570.0,4892,38118.5729
175.0,2167,38126.05539
515.0,3382,38137.947942
515.0,3978,38152.564838
605.0,3387,38165.113937
550.0,3931,38178.9733
600.0,4407,38194.469352
605.0,4301,38210.08237
515.0,3713,38223.516117
305.0,2657,38232.886232
540.0,3507,38264.51541
775.0,3088,38275.407002
445.0,3197,38286.480899
360.0,2397,38294.848599
395.0,2757,38304.82135
1000.0,4057,38319.173368
700.0,3457,38331.123402
775.0,3855,38344.583387
600.0,4487,38360.685674
570.0,3533,38372.997545
800.0,4493,38388.591185
600.0,4115,38403.191751
660.0,3349,38415.333037
545.0,3303,38426.697321
570.0,3601,38439.091167
485.0,3309,38450.551206
800.0,3965,38464.772348
600.0,3415,38476.85751
580.0,3200,38487.912344
525.0,3293,38499.302471
1050.0,7547,38526.301843
1125.0,6351,38548.402475
575.0,3227,38559.604769
470.0,3573,38572.292514
745.0,3567,38584.917281
455.0,3657,38597.661413
325.0,2775,38607.287797
865.0,3845,38620.877428
725.0,5603,38640.364307
805.0,3519,38652.675475
800.0,3913,38666.50233
445.0,3087,38677.61607
545.0,4225,38692.284112
1100.0,6191,38713.840998
510.0,4197,38730.681092
470.0,3777,38744.367119
545.0,3409,38756.250556
195.0,1457,38761.272828
745.0,3550,38774.169251
940.0,5093,38791.986155
465.0,3515,38804.179046
970.0,3571,38816.820397
640.0,4443,38832.543091
455.0,3115,38843.422109
450.0,3443,38855.291558
490.0,3511,38868.023757
790.0,4887,38884.915209
775.0,5833,38905.120471
630.0,3739,38918.444991
630.0,3865,38931.793867
545.0,3521,38944.030096
495.0,3949,38957.940015
490.0,3387,38970.065531
570.0,3882,38983.531141
930.0,5890,39004.363093
575.0,3693,39017.840142
770.0,3950,39031.74612
515.0,3867,39045.340238
550.0,3760,39058.981437
555.0,3991,39073.58379
495.0,3381,39085.561324
740.0,3441,39097.588828
810.0,3209,39109.069761
555.0,2399,39118.282999
580.0,3979,39132.166705
600.0,3749,39145.318118
385.0,2499,39154.422064
290.0,2095,39161.632659
520.0,3217,39172.791366
510.0,3477,39184.749225
695.0,3365,39196.957527
745.0,3505,39209.005321
665.0,4345,39224.35873
730.0,4068,39238.971995
300.0,2594,39247.962032
525.0,3533,39261.540051
290.0,1953,39268.510526
575.0,3789,39282.396385
630.0,3697,39295.540842
550.0,3930,39309.335361
240.0,1863,39316.297199
410.0,3091,39327.222696
340.0,2421,39335.546009
275.0,2303,39344.000105
580.0,3596,39356.618127
1005.0,3951,39370.64146
910.0,6447,39393.412865
605.0,3835,39407.09892
435.0,2431,39415.674263
575.0,2860,39425.858321
440.0,3489,39437.898129
680.0,3865,39451.918756
885.0,6215,39473.764633
565.0,4011,39487.89299
575.0,3811,39501.077722
275.0,2869,39511.43414
695.0,3915,39524.968018
245.0,2313,39532.946455
470.0,3373,39544.947733
470.0,3449,39557.125309
800.0,4375,39572.102087
755.0,3678,39584.905964
285.0,2223,39593.013797
335.0,2803,39602.790283
470.0,2927,39612.975809
390.0,3499,39625.45948
445.0,3635,39638.013247
770.0,3433,39649.932033
555.0,3437,39662.344076
435.0,3237,39673.657604
800.0,4217,39688.305315
545.0,3255,39717.409388
555.0,3499,39730.533959
575.0,3912,39744.138118
570.0,3884,39757.639136
600.0,4299,39773.292462
605.0,3303,39784.838819
570.0,3745,39797.840101
945.0,5929,39819.055856
685.0,4453,39834.440772
340.0,2265,39842.382862
600.0,3687,39855.1398
750.0,3981,39870.119897
550.0,3165,39881.288466
605.0,3623,39894.15571
1025.0,5449,39913.515204
485.0,3561,39926.445881
525.0,3655,39939.121401
545.0,3815,39952.721152
585.0,2910,39963.601246
440.0,2943,39974.4801
530.0,3715,39987.828529
485.0,3423,39999.751084
365.0,2623,40009.504332
830.0,4147,40024.635759
510.0,3527,40037.229013
685.0,3107,40048.592636
860.0,4707,40065.458584
990.0,7005,40090.557559
580.0,3871,40104.13496
800.0,3613,40116.959738
540.0,3435,40129.255782
575.0,3393,40141.135112
475.0,3371,40152.940497
480.0,3073,40164.121609
470.0,2695,40173.463214
770.0,3677,40186.308016
480.0,2635,40195.499223
570.0,3220,40207.2109
235.0,2231,40214.924668
305.0,2349,40222.978628
570.0,3781,40236.570351
480.0,3147,40247.410879
745.0,3479,40259.599483
485.0,3819,40272.922928
355.0,3049,40284.063332
775.0,3671,40296.729424
605.0,3435,40308.70362
545.0,3404,40320.544405
1000.0,3681,40334.296986
570.0,3428,40346.223799
1050.0,4897,40363.164973
500.0,3871,40376.911055
525.0,3553,40391.15
485.0,3103,40401.883799
470.0,2939,40413.642777
385.0,2901,40426.709846
250.0,2271,40434.985363
600.0,3241,40446.433818
310.0,2309,40454.924527
520.0,3701,40468.388751
450.0,3205,40479.575206
715.0,3871,40493.17842
810.0,3533,40506.270903
720.0,3249,40517.557013
445.0,3387,40529.394079
870.0,3919,40543.623061
675.0,3653,40556.286153
525.0,3193,40567.484298
550.0,3173,40578.761439
600.0,3765,40592.231288
915.0,5577,40611.90115
585.0,2938,40622.30947
600.0,3753,40635.431747
775.0,3525,40647.757288
380.0,2637,40657.56739
1000.0,3663,40670.311481
550.0,3813,40683.56019
755.0,3733,40697.056245
245.0,2229,40704.891357
725.0,3221,40716.281489
545.0,3697,40729.042
605.0,3777,40742.700233
525.0,3038,40753.276879
570.0,3473,40765.372235
800.0,3703,40778.351206
545.0,3536,40791.370733
605.0,3367,40803.18732
600.0,4401,40818.591518
305.0,2453,40827.198093
1010.0,5301,40846.253874
555.0,3208,40857.87021
715.0,4591,40873.884219
570.0,4317,40889.316671
500.0,2827,40899.92509
525.0,3930,40914.064927
540.0,3614,40927.481862
965.0,5849,40948.986613
435.0,3198,40960.621967
540.0,3563,40974.083835
600.0,4201,40990.273042
800.0,3927,41004.146658
555.0,3283,41015.776437
600.0,3509,41028.564158
570.0,3749,41042.539034
1140.0,7159,41068.067363
540.0,3254,41081.311027
555.0,4011,41095.6698
600.0,3897,41109.517989
165.0,1501,41115.388093
515.0,3751,41129.24811
435.0,3127,41140.250583
545.0,3841,41154.522247
325.0,2305,41189.571942
450.0,3433,41202.835313
730.0,3252,41214.193736
80.0,1555,3.066025
90.0,1539,3.449501
65.0,1185,3.7616
345.0,3384,4.57865
80.0,2037,5.024716
80.0,1279,5.316945
180.0,2501,5.877423
85.0,1871,6.371283
125.0,1901,6.848614
55.0,1571,7.221477
35.0,1417,7.535631
60.0,1645,7.868538
120.0,1931,8.332072
485.0,2599,8.880515
55.0,1769,9.342323
105.0,1563,9.686446
120.0,1897,10.114731
60.0,1135,10.36416
215.0,2475,10.91206
185.0,2293,11.421647
185.0,1899,11.947518
150.0,2697,12.597205
20.0,1191,12.869743
180.0,2451,13.405487
35.0,1497,13.74289
80.0,1107,13.99483
80.0,1473,14.339525
50.0,1153,14.65225
65.0,1579,15.014945
160.0,1955,15.469974
60.0,1637,15.842768
65.0,1653,16.214122
120.0,2275,16.799166
30.0,1189,17.132428
65.0,1749,17.530932
220.0,2275,18.049188
155.0,1811,18.446645
490.0,3983,19.325912
110.0,1577,19.687619
110.0,1401,20.014081
120.0,1899,20.454904
95.0,1419,20.831365
130.0,2163,21.332
155.0,2301,22.080219
55.0,1487,22.525554
105.0,1851,22.965802
210.0,2157,23.481932
40.0,1543,23.870586
80.0,1829,24.287132
210.0,4051,25.140319
70.0,1175,25.381576
450.0,3493,26.132846
570.0,4975,27.277751
115.0,2353,27.798047
210.0,2479,28.376182
380.0,4831,29.428169
80.0,1281,29.697077
225.0,2647,30.258379
35.0,1801,30.667881
110.0,1529,30.998238
120.0,1855,31.456024
80.0,1539,31.831327
135.0,2325,32.406753
210.0,2365,32.989344
65.0,1191,33.285219
80.0,1423,33.661877
200.0,3231,34.364875
185.0,2901,35.038892
365.0,2427,35.619051
115.0,1651,35.981019
180.0,1841,36.370472
320.0,3321,37.117849
165.0,2467,37.722922
270.0,2725,38.345308
415.0,3407,39.112176
285.0,2675,39.698331
195.0,3245,40.393902
165.0,2625,40.964381
65.0,1897,41.401012
155.0,2023,41.829073
80.0,1785,42.26338
105.0,2053,42.782735
110.0,1865,43.2178
45.0,1143,43.486591
225.0,3077,44.148391
55.0,1615,44.515607
215.0,3205,45.241419
30.0,1923,45.707095
150.0,2353,46.200636
55.0,1713,46.575962
175.0,2405,47.11601
55.0,1597,47.513092
120.0,1917,48.01795
135.0,1635,48.43102
270.0,2673,49.083914
255.0,3667,49.892033
395.0,3359,59.562762
610.0,3857,77.659165
705.0,4015,95.077471
530.0,3377,116.094357
80.0,1555,2.953856
90.0,1539,3.302948
65.0,1185,3.590553
345.0,3384,4.372822
80.0,2037,4.815531
80.0,1279,5.098366
180.0,2501,5.697463
85.0,1871,6.120597
125.0,1901,6.603929
55.0,1571,6.9649
35.0,1417,7.311528
60.0,1645,7.781519
120.0,1931,8.229124
485.0,2599,8.797098
55.0,1769,9.199304
105.0,1563,9.564908
120.0,1897,9.98183
60.0,1135,10.242161
215.0,2475,10.780891
185.0,2293,11.313109
185.0,1899,11.800542
150.0,2697,12.522152
20.0,1191,12.781325
180.0,2451,13.347987
35.0,1497,13.68402
80.0,1107,13.932915
80.0,1473,14.25749
50.0,1153,14.511601
65.0,1579,14.862536
160.0,1955,15.40435
60.0,1637,15.767237
65.0,1653,16.128052
120.0,2275,16.684749
30.0,1189,16.981317
65.0,1749,17.441296
220.0,2275,17.96473
155.0,1811,18.359426
490.0,3983,19.203009
110.0,1577,19.562625
110.0,1401,19.88677
120.0,1899,20.33007
95.0,1419,20.647568
130.0,2163,21.130054
155.0,2301,21.647518
530.0,3393,35.682236
415.0,3134,48.388581
450.0,3751,64.161095
860.0,4701,83.703487
550.0,3613,98.711174
450.0,3301,113.444321
600.0,4457,132.114406
775.0,3984,148.608273
740.0,4408,166.757932
945.0,4357,184.871039
740.0,3932,201.469308
600.0,4297,219.232932
555.0,2739,230.657373
510.0,2937,242.702725
600.0,4429,263.482991
770.0,3173,276.860408
775.0,3763,293.618981
975.0,5941,325.315448
800.0,4251,344.945086
545.0,3604,363.819309
775.0,4180,384.137721
740.0,4425,408.798581
600.0,3881,430.549332
1075.0,5243,466.306739
805.0,3753,486.78633
770.0,4789,507.301918
545.0,3715,523.151081
640.0,2879,535.150409
740.0,3955,551.492451
545.0,3425,565.581016
600.0,3205,578.907692
545.0,4111,596.335469
490.0,3859,612.377861
630.0,4135,629.274584
535.0,3041,641.838442
725.0,4743,662.889606
570.0,3593,677.718677
480.0,3261,691.138573
350.0,2867,702.932078
495.0,3377,717.02762
470.0,4157,734.105051
335.0,2855,746.00878
775.0,4035,762.904976
545.0,3853,779.118635
545.0,3820,794.919072
1125.0,6985,824.105246
610.0,3349,838.765756
605.0,3787,854.618926
460.0,3165,868.32862
950.0,3709,884.322475
780.0,5083,907.444441
580.0,3435,921.660244
600.0,3777,937.385619
600.0,3751,952.758862
515.0,3639,967.94624
600.0,3501,982.475803
540.0,3358,996.440953
570.0,3437,1010.505611
545.0,3216,1024.65823
580.0,3790,1040.363541
435.0,2561,1051.151169
600.0,3457,1066.418394
580.0,3207,1079.916172
600.0,4013,1096.666872
545.0,3762,1112.54966
485.0,3395,1126.630966
575.0,3021,1139.21309
330.0,2789,1151.034501
775.0,3439,1165.186643
1435.0,7705,1198.377707
545.0,3714,1213.642662
740.0,3641,1228.993566
545.0,2945,1241.304024
545.0,3726,1256.623677
795.0,5989,1281.388817
600.0,3289,1295.050952
970.0,4374,1313.548409
600.0,3581,1328.483831
575.0,3633,1343.301379
715.0,3041,1356.032803
360.0,3015,1368.566478
600.0,3669,1385.16186
520.0,3563,1399.866152
820.0,5285,1421.729787
515.0,3707,1460.225013
500.0,3017,1473.075489
775.0,4135,1490.405675
490.0,3381,1506.897104
525.0,3799,1522.726064
580.0,3416,1537.156433
1020.0,5225,1560.049458
630.0,3733,1575.487065
1050.0,5333,1597.787977
890.0,4427,1616.556275
555.0,3140,1629.517366
575.0,3653,1644.523809
605.0,3305,1658.131571
820.0,6103,1684.302352
515.0,3767,1699.804908
605.0,3955,1715.9462
470.0,2483,1726.378548
600.0,3677,1742.560168
600.0,4357,1760.905779
1100.0,7557,1793.58027
600.0,3481,1808.168468
560.0,3407,1822.416848
550.0,4293,1840.171417
605.0,3253,1853.567659
525.0,3095,1866.373629
570.0,4646,1885.55409
800.0,3395,1899.901954
695.0,2933,1911.879988
780.0,3799,1928.400484
555.0,3429,1942.365405
520.0,3037,1954.733407
575.0,3741,1970.496874
800.0,3749,1985.717886
460.0,2865,1997.607463
475.0,3217,2010.845098
600.0,4027,2027.462274
605.0,2553,2038.101642
845.0,5229,2059.755861
555.0,3701,2074.862787
545.0,4033,2091.355327
545.0,3769,2108.127514
770.0,4487,2126.50436
570.0,3939,2142.787242
805.0,3805,2158.633098
770.0,3081,2171.28684
540.0,3482,2185.576057
705.0,3309,2199.168435
470.0,3441,2213.402359
575.0,3825,2229.448903
800.0,3433,2243.537963
570.0,3418,2257.479278
670.0,3553,2272.107319
1130.0,5681,2296.393822
515.0,3265,2309.842444
445.0,3307,2323.77671
575.0,2974,2336.242756
600.0,3479,2350.556882
605.0,3323,2364.199136
600.0,4045,2381.275744
570.0,3450,2395.541393
575.0,3877,2411.540423
425.0,3845,2427.271429
955.0,3559,2442.384525
600.0,3683,2457.60833
570.0,3505,2473.126246
775.0,3894,2489.559969
575.0,3784,2505.361913
515.0,3734,2520.586422
550.0,3657,2535.492978
575.0,2675,2546.348027
515.0,3613,2561.514784
575.0,3818,2577.06022
570.0,4129,2593.949558
1000.0,4211,2611.257257
1410.0,6985,2640.358102
600.0,3709,2656.53636
1180.0,6646,2684.899274
905.0,5819,2709.620432
560.0,3055,2722.219169
515.0,3167,2735.674114
540.0,3871,2751.830385
600.0,4887,2771.88755
605.0,2997,2784.516656
715.0,5665,2808.056706
745.0,3045,2820.544605
685.0,4479,2839.778749
515.0,3763,2855.84864
570.0,3256,2869.298747
570.0,3977,2885.543452
540.0,4503,2904.2583
630.0,3775,2920.306983
395.0,3119,2933.22678
915.0,3955,2949.354899
600.0,3789,2964.934228
360.0,2527,2975.820981
600.0,3999,2992.468962
1230.0,7929,3026.182702
575.0,3187,3039.367373
525.0,3303,3053.370222
495.0,4095,3070.264908
1430.0,7917,3103.180274
915.0,3680,3118.306096
770.0,4741,3138.194444
430.0,2967,3171.37106
600.0,4071,3188.620911
580.0,3386,3203.132457
895.0,5429,3225.64056
545.0,3857,3241.358601
570.0,4139,3258.305704
600.0,3733,3273.769889
515.0,3739,3289.32747
575.0,3401,3303.389763
805.0,4189,3320.437795
770.0,3493,3334.965011
745.0,4411,3353.206662
575.0,2995,3366.030824
570.0,3609,3381.726761
575.0,3208,3394.900529
545.0,3688,3410.111478
595.0,3951,3426.604697
135.0,1835,3434.253032
545.0,3385,3448.014203
550.0,2938,3460.753443
575.0,3459,3475.341047
560.0,3643,3490.492593
555.0,3143,3503.46841
680.0,4855,3523.704017
540.0,3764,3539.569386
490.0,4041,3557.104309
520.0,3659,3572.575507
555.0,3880,3588.986584
600.0,3923,3605.733645
1270.0,6377,3632.180856
545.0,3095,3645.079942
800.0,3739,3660.506066
770.0,4145,3677.866685
800.0,3985,3694.309612
745.0,3550,3709.090556
915.0,5101,3730.20004
615.0,3371,3745.10706
590.0,3325,3760.339717
495.0,4199,3777.96634
500.0,3939,3794.400477
570.0,4422,3812.904318
555.0,3167,3826.047449
600.0,4405,3844.269296
545.0,3108,3857.01803
745.0,3799,3873.129089
810.0,5209,3894.666012
230.0,2701,3905.764693
430.0,3121,3919.483742
600.0,4069,3936.397051
800.0,4191,3953.862665
600.0,3791,3969.571911
515.0,3552,3984.206217
745.0,3339,3998.376847
600.0,3729,4014.325379
745.0,3987,4030.871555
545.0,3247,4044.206943
670.0,3933,4060.961308
600.0,3269,4074.304591
800.0,3683,4089.52093
470.0,3249,4103.81469
600.0,3965,4120.080446
1085.0,6823,4148.66449
550.0,3913,4164.822872
550.0,3655,4179.919051
290.0,2523,4190.621675
600.0,4197,4208.044123
1000.0,5321,4229.750357
770.0,4327,4247.669221
1230.0,6243,4274.60452
845.0,6067,4300.12533
545.0,3372,4313.985866
545.0,3865,4329.850356
575.0,3748,4345.295092
565.0,2931,4358.012694
1155.0,7767,4390.317802
545.0,3976,4406.585795
600.0,3811,4422.651193
260.0,3289,4436.193758
570.0,3628,4451.173322
520.0,3609,4467.341105
780.0,5309,4490.342215
305.0,2941,4502.876828
600.0,3851,4518.861827
755.0,3925,4535.049963
545.0,3095,4548.308464
605.0,3745,4563.992615
555.0,3838,4580.046632
800.0,4487,4598.657457
330.0,3355,4612.561502
600.0,3509,4627.393399
490.0,3569,4643.154301
575.0,4269,4660.723632
510.0,2727,4671.894762
555.0,4476,4690.546585
1300.0,5547,4714.030454
800.0,3879,4730.215766
750.0,3237,4743.996619
730.0,5237,4765.892155
365.0,2768,4777.78521
605.0,3375,4791.743752
540.0,4463,4810.150215
545.0,3534,4825.588991
515.0,3349,4839.662447
695.0,3345,4853.585203
400.0,2471,4884.614503
550.0,4384,4904.825594
745.0,3507,4922.1378
600.0,3321,4938.901909
600.0,4321,4957.633773
575.0,3344,4971.76747
605.0,3853,4987.727671
600.0,4567,5007.620529
550.0,3896,5024.239712
795.0,3308,5038.182638
755.0,4763,5057.829804
320.0,3117,5070.680344
570.0,3633,5086.000344
855.0,5217,5109.00974
545.0,3281,5122.657509
600.0,3181,5135.924878
1385.0,7550,5167.540103
600.0,3261,5181.578817
695.0,3843,5197.757912
800.0,4119,5214.771734
555.0,3792,5230.586061
485.0,3197,5244.084501
930.0,5581,5267.239512
545.0,3807,5282.78213
365.0,2575,5293.73729
520.0,3808,5309.379537
525.0,3574,5324.179451
775.0,3576,5338.801785
900.0,5817,5363.9873
580.0,3212,5378.227494
600.0,3367,5392.092879
460.0,3051,5404.880387
1005.0,3629,5420.010396
1230.0,7265,5450.722706
570.0,3130,5463.616078
740.0,3742,5479.004926
540.0,3765,5494.569499
370.0,2911,5506.885101
600.0,2857,5518.568126
1140.0,7297,5549.778384
280.0,2349,5559.528651
1155.0,5699,5583.399694
605.0,4045,5600.447393
720.0,4477,5619.068539
545.0,3009,5631.449111
1700.0,7637,5662.881527
1400.0,6817,5691.723792
800.0,4045,5708.507799
800.0,3857,5724.901519
410.0,2821,5737.239384
1070.0,5213,5758.873546
605.0,3591,5773.584521
690.0,4599,5792.550525
575.0,3681,5808.24914
605.0,4075,5824.961567
575.0,3477,5839.338095
330.0,4096,5856.14714
570.0,3874,5873.602872
550.0,3797,5889.287104
545.0,3367,5903.055612
715.0,4101,5921.237636
600.0,4029,5937.94814
600.0,3985,5954.282086
575.0,2768,5965.912606
605.0,3305,5980.949904
1185.0,6525,6008.699001
760.0,3657,6023.704985
570.0,4112,6040.885735
570.0,2901,6053.096791
605.0,4007,6069.719793
570.0,3066,6082.464358
545.0,3128,6096.618222
545.0,3571,6111.697464
600.0,4235,6129.189128
605.0,3305,6142.919046
775.0,3552,6157.590435
600.0,4445,6175.950979
575.0,4587,6195.256382
660.0,3637,6210.347992
570.0,3681,6225.746666
1105.0,5225,6247.3764
600.0,3553,6262.384382
570.0,3443,6279.016455
805.0,4385,6297.659324
490.0,3815,6313.586551
1085.0,6820,6342.45746
970.0,5477,6365.342848
600.0,4297,6383.237421
545.0,3607,6398.191565
555.0,3470,6412.646983
600.0,4113,6429.952348
600.0,3875,6446.19426
805.0,3667,6462.541176
600.0,3617,6477.550828
515.0,3137,6490.698724
350.0,2375,6501.013762
190.0,1549,6507.314046
545.0,3841,6523.468684
580.0,3283,6537.327672
575.0,3346,6551.46452
1095.0,5823,6575.663146
540.0,4169,6619.212687
1010.0,6189,6646.037841
600.0,3711,6661.504276
910.0,6209,6687.470125
600.0,4515,6706.257808
805.0,3525,6720.832746
815.0,5391,6743.524787
835.0,5087,6764.614367
390.0,2867,6776.512953
800.0,3959,6793.293873
555.0,3379,6807.56268
695.0,3763,6824.095103
600.0,3549,6838.799359
800.0,3751,6854.67797
635.0,4711,6874.392334
600.0,3237,6887.774622
605.0,3631,6902.826924
1190.0,7483,6934.052798
540.0,4106,6951.352208
265.0,1953,6959.303981
770.0,3324,6973.219465
600.0,3791,6989.23631
490.0,3439,7004.618285
600.0,3237,7018.022834
540.0,3543,7032.662698
570.0,3643,7047.697953
575.0,3551,7062.762609
1095.0,7533,7094.924163
1055.0,6453,7121.898886
1150.0,6851,7150.404834
740.0,3488,7164.891926
1030.0,5681,7190.595292
555.0,3416,7204.754737
755.0,3703,7220.104653
680.0,4503,7239.128872
750.0,3449,7253.369059
545.0,3675,7268.634537
570.0,3783,7284.146831
570.0,3717,7299.899855
575.0,3273,7313.48918
575.0,3645,7328.649884
600.0,4181,7345.763996
540.0,3422,7361.309064
570.0,3521,7375.808844
695.0,3153,7388.931406
670.0,3137,7402.090802
1150.0,6777,7430.334363
520.0,3277,7443.808181
470.0,3645,7459.151528
770.0,3459,7473.414308
490.0,3393,7487.59928
895.0,4649,7506.820881
1380.0,7585,7539.048012
515.0,3095,7552.556065
525.0,3918,7568.683082
520.0,4259,7586.240923
520.0,3067,7599.515344
515.0,3675,7614.591982
420.0,3107,7627.46081
465.0,3843,7643.546006
525.0,2769,7655.294008
570.0,3512,7670.159832
295.0,2293,7679.758142
570.0,3607,7694.918875
575.0,3721,7710.749734
290.0,1945,7719.254699
915.0,5885,7744.255229
570.0,3403,7758.723076
575.0,3332,7772.654951
155.0,1547,7778.971293
1110.0,5603,7802.366868
500.0,3559,7817.620512
545.0,3934,7833.950296
740.0,4549,7852.962465
570.0,3492,7867.498681
575.0,3230,7880.964685
515.0,3895,7897.499997
540.0,3468,7912.795087
610.0,4111,7930.017209
545.0,3326,7944.304551
940.0,5333,7967.010333
555.0,3554,7981.892948
575.0,2789,7993.560232
720.0,3733,8009.155862
800.0,3353,8023.5909
585.0,3313,8037.325104
545.0,3230,8050.904856
740.0,3987,8067.973082
550.0,2923,8081.003345
545.0,3661,8097.119174
775.0,3678,8112.600915
570.0,3844,8128.582994
600.0,3829,8144.683377
805.0,3827,8160.688676
525.0,3661,8176.164235
575.0,3789,8191.918293
570.0,2945,8204.295452
600.0,3977,8220.778407
580.0,3707,8236.097389
800.0,3613,8251.040229
630.0,3531,8266.908719
570.0,3648,8282.041119
750.0,4131,8299.401405
600.0,3779,8337.941471
925.0,3328,8351.851001
545.0,3811,8367.638681
745.0,3841,8383.704426
1085.0,7401,8414.332781
575.0,3038,8426.802867
630.0,3527,8441.747397
545.0,3230,8456.092381
605.0,3645,8471.247341
495.0,3557,8486.061624
600.0,3601,8500.977543
940.0,6625,8528.765418
525.0,3062,8541.392938
1780.0,6757,8569.472457
545.0,3244,8582.874212
545.0,3180,8596.020678
575.0,3234,8609.503261
485.0,3681,8625.708565
1000.0,6079,8653.856475
495.0,3171,8667.57437
600.0,3457,8682.235923
780.0,5271,8706.171365
600.0,3985,8722.901209
600.0,4227,8740.603253
1185.0,6111,8766.101074
550.0,3457,8780.728603
605.0,3517,8795.492043
555.0,3479,8810.843072
805.0,3735,8826.278443
770.0,3859,8842.412746
550.0,3066,8855.455839
600.0,3977,8871.975281
395.0,3023,8884.289094
1205.0,7570,8915.619994
570.0,3913,8932.302229
600.0,3759,8947.712401
600.0,3433,8961.934174
545.0,3476,8976.868722
600.0,3749,8993.881363
525.0,3355,9008.465669
770.0,3557,9023.348338
495.0,3137,9036.426353
600.0,4167,9053.560791
1065.0,6753,9081.644887
550.0,4513,9100.681736
545.0,3476,9114.925215
605.0,3391,9128.974273
1715.0,6661,9156.654881
575.0,3244,9170.920731
600.0,4313,9189.370622
755.0,3852,9205.474414
1120.0,6609,9232.867545
745.0,3601,9247.88726
1010.0,6441,9274.971471
745.0,3123,9287.897085
565.0,4058,9304.9047
395.0,2613,9315.635899
600.0,4061,9332.847927
570.0,3843,9349.138101
515.0,3523,9364.193384
545.0,3491,9378.692493
860.0,4455,9397.60723
570.0,3465,9412.141052
715.0,3179,9425.444607
600.0,3669,9440.588048
770.0,3933,9457.041835
570.0,4919,9478.202935
800.0,3995,9494.923195
605.0,3137,9508.033499
945.0,3386,9522.295108
430.0,3419,9537.499319
1220.0,6535,9565.066277
1200.0,6383,9591.747572
540.0,3415,9606.212131
575.0,3066,9619.012125
490.0,3915,9635.682378
545.0,3847,9651.839614
600.0,3467,9666.333822
570.0,3433,9680.53446
570.0,3428,9695.287346
600.0,3867,9712.072316
575.0,3166,9725.4716
860.0,5551,9748.615923
570.0,3319,9762.359631
600.0,4373,9780.779069
570.0,3699,9796.367584
570.0,3568,9811.014199
580.0,2931,9823.433496
1000.0,4541,9842.224962
545.0,3474,9856.598575
540.0,3180,9870.596055
835.0,5393,9894.480364
570.0,3089,9907.594627
645.0,4199,9925.008713
710.0,5475,9948.264043
720.0,3841,9964.418172
740.0,3286,9978.106848
1040.0,6433,10004.715536
570.0,3475,10019.377453
600.0,3931,10056.701715
775.0,3599,10072.05023
735.0,4615,10092.09996
1130.0,5877,10117.147462
600.0,3761,10132.738255
545.0,3615,10147.726354
685.0,4779,10167.450978
570.0,3690,10183.128056
605.0,3511,10197.632117
575.0,3808,10213.309005
600.0,3897,10229.361948
575.0,3244,10242.895894
1040.0,6121,10269.525752
800.0,3787,10285.238494
555.0,2775,10296.870537
770.0,4291,10314.746119
1000.0,4229,10332.648765
575.0,3095,10345.534706
545.0,3154,10358.52141
465.0,3103,10371.283832
570.0,3251,10384.927804
600.0,3777,10400.546813
575.0,4145,10417.710536
570.0,3887,10433.877665
290.0,2087,10443.661737
800.0,3797,10459.493824
555.0,3308,10473.302916
575.0,3663,10488.508039
515.0,3497,10502.987587
575.0,3053,10515.555376
275.0,2393,10525.611286
600.0,3415,10539.836338
775.0,3937,10556.121758
630.0,4109,10573.210931
575.0,3726,10588.904425
515.0,3507,10603.535806
505.0,3043,10616.301633
605.0,3379,10631.083568
575.0,3726,10646.997662
600.0,3595,10662.549235
575.0,3072,10675.514898
1180.0,3557,10690.423671
605.0,3881,10707.080881
555.0,2668,10718.264114
1360.0,6645,10746.09436
600.0,4191,10763.523404
745.0,3497,10778.776206
715.0,3137,10792.255621
575.0,3865,10809.190269
555.0,2625,10820.217128
380.0,2817,10831.934671
515.0,3581,10847.026949
570.0,3223,10860.537222
360.0,2385,10870.258315
605.0,3081,10883.102374
440.0,3853,10899.037536
575.0,3669,10914.499392
515.0,3265,10928.100762
475.0,2969,10940.335763
570.0,3621,10955.396478
720.0,3541,10970.254569
775.0,3199,10984.558722
605.0,2885,10996.519903
550.0,3154,11009.644839
1065.0,5895,11034.439214
1400.0,6579,11062.257747
515.0,4113,11079.274881
600.0,3565,11094.006967
545.0,3654,11109.184467
570.0,3422,11123.799025
745.0,3373,11137.88703
600.0,4027,11154.579913
600.0,4065,11172.26669
570.0,4551,11191.317055
670.0,3379,11205.426167
375.0,2476,11215.715873
460.0,4097,11232.885588
545.0,3501,11247.364109
745.0,4033,11264.378336
570.0,4401,11282.657625
600.0,3919,11298.997649
570.0,3009,11311.693131
570.0,3496,11326.305492
600.0,3117,11339.212533
520.0,2999,11352.509059
380.0,2609,11363.156813
600.0,4013,11380.260173
1065.0,7151,11410.135958
340.0,2474,11420.336105
710.0,5313,11442.584588
545.0,3756,11458.176919
600.0,3343,11472.096282
545.0,3146,11485.094625
605.0,3465,11499.364863
600.0,3217,11512.66328
780.0,3482,11528.179688
545.0,2679,11539.563251
825.0,5753,11563.746664
550.0,2939,11576.192692
575.0,2911,11588.206684
600.0,3629,11603.570367
570.0,3375,11617.478054
775.0,3137,11630.591069
575.0,4059,11647.501317
1000.0,4919,11668.970155
1270.0,6849,11698.257305
970.0,3422,11713.60055
600.0,3653,11728.918601
1020.0,6027,11776.809431
1075.0,6163,11803.380727
600.0,3363,11817.530688
775.0,4125,11834.491952
535.0,3602,11849.858909
915.0,3606,11864.859133
550.0,4033,11881.567985
465.0,3401,11896.405271
605.0,3645,11911.994661
600.0,3161,11925.300517
600.0,3789,11941.074006
800.0,3651,11956.254924
690.0,4255,11973.806098
600.0,2997,11986.782262
385.0,2875,11998.605761
575.0,3972,12015.01311
605.0,3397,12029.003222
1030.0,4863,12049.560212
575.0,3180,12062.754054
600.0,3587,12078.963554
1130.0,7919,12112.133427
575.0,3088,12125.155204
600.0,3565,12140.276571
800.0,3989,12157.097139
570.0,3729,12172.872792
540.0,3116,12186.332144
575.0,3491,12200.788466
605.0,3341,12214.689197
515.0,2965,12227.558724
540.0,3038,12240.253763
575.0,3593,12256.086287
390.0,2871,12267.992829
705.0,4467,12288.902069
600.0,3709,12306.050567
600.0,3129,12319.278942
600.0,3445,12333.692995
610.0,3163,12346.6791
600.0,3653,12361.952498
575.0,3242,12375.82901
540.0,3258,12389.52825
1080.0,6657,12417.165102
575.0,3497,12432.34848
570.0,3209,12445.80908
545.0,3135,12459.13387
600.0,3489,12473.723094
575.0,3625,12488.768223
575.0,2633,12499.681414
1350.0,7523,12531.053104
600.0,3723,12546.502735
600.0,3703,12562.14879
605.0,3595,12577.534154
570.0,3365,12592.010294
320.0,2991,12604.552819
785.0,4443,12624.298515
515.0,3221,12638.296403
600.0,3797,12654.174649
600.0,3665,12669.544464
575.0,4270,12687.527627
955.0,5153,12709.159591
570.0,4121,12726.252018
600.0,4063,12743.139928
545.0,3942,12759.959203
835.0,5239,12781.837325
335.0,2519,12792.7559
1065.0,7064,12822.93873
600.0,4373,12841.274344
600.0,4045,12858.12307
600.0,3449,12872.503933
580.0,3611,12887.765689
570.0,2896,12899.977537
605.0,3299,12913.729235
440.0,3485,12928.183587
890.0,5999,12953.577826
685.0,3857,12969.57784
720.0,4029,12987.171573
580.0,3329,13001.102149
745.0,3521,13015.759334
600.0,3695,13031.290492
465.0,3297,13045.071924
570.0,3919,13061.338769
770.0,3447,13075.821013
570.0,2846,13087.637184
570.0,3794,13103.70666
600.0,3081,13116.556651
545.0,3038,13129.268111
775.0,3872,13145.333631
575.0,3095,13159.449732
515.0,3311,13173.557914
600.0,3261,13187.179709
1010.0,6067,13212.302347
580.0,3189,13225.51646
1350.0,7343,13256.442528
525.0,2731,13267.729475
880.0,5315,13289.723239
600.0,4129,13307.34516
545.0,3308,13321.267148
575.0,2981,13333.697831
575.0,3943,13351.121726
800.0,3497,13366.322788
800.0,4415,13384.719758
770.0,3663,13400.101807
600.0,3325,13414.367635
600.0,3997,13431.056675
725.0,3433,13445.244526
545.0,2917,13457.391502
600.0,3941,13474.355157
485.0,3827,13515.217907
580.0,3308,13529.798945
190.0,1483,13535.893034
520.0,3751,13551.475858
1115.0,7335,13582.302365
575.0,3963,13598.84525
800.0,3685,13614.208176
590.0,2973,13626.47256
600.0,3609,13641.819973
695.0,3825,13657.822341
695.0,3927,13674.265754
525.0,3627,13689.34585
800.0,3169,13704.076294
845.0,4965,13724.814461
800.0,4193,13742.164815
600.0,3925,13758.32556
770.0,4005,13775.079814
545.0,4302,13793.011838
550.0,4316,13810.7386
775.0,3709,13826.450398
570.0,3571,13841.219872
545.0,4484,13859.70745
545.0,2785,13871.331286
775.0,4061,13889.126939
600.0,3293,13902.953272
600.0,3869,13919.125779
600.0,3679,13934.318098
600.0,3561,13949.041467
540.0,3329,13962.785496
770.0,3732,13978.290308
600.0,3721,13993.997819
570.0,3986,14010.35417
600.0,4373,14028.587522
605.0,3629,14043.892738
570.0,3941,14060.812525
1105.0,6419,14087.791301
570.0,4027,14104.460907
770.0,5059,14125.57833
600.0,3197,14138.890831
575.0,3633,14153.907223
575.0,3283,14167.388043
555.0,3368,14181.281371
770.0,4159,14198.600118
600.0,3865,14214.803125
975.0,5493,14237.499844
525.0,3746,14253.886483
575.0,3779,14270.152228
635.0,4397,14288.382428
515.0,3463,14302.616924
600.0,2973,14314.985429
570.0,3415,14329.51194
525.0,2689,14340.663444
600.0,3923,14356.982059
800.0,4095,14374.205986
520.0,3113,14387.65906
540.0,3894,14404.190173
605.0,4023,14421.024379
1265.0,6911,14450.737027
1500.0,6709,14478.536446
525.0,3143,14491.869593
570.0,3472,14506.75567
510.0,2833,14518.503915
540.0,3319,14532.184705
520.0,3451,14546.425177
575.0,3767,14562.365423
930.0,4531,14581.169622
605.0,3433,14595.326113
600.0,3519,14610.872
1060.0,5993,14636.128121
730.0,3517,14650.80451
605.0,3673,14666.039609
600.0,3695,14681.453276
1145.0,5505,14704.273571
545.0,2974,14717.12289
600.0,3537,14731.528968
1155.0,6844,14762.738446
600.0,3725,14778.309314
975.0,5095,14801.221271
605.0,3181,14814.683234
1050.0,6531,14842.05391
600.0,3979,14858.580604
975.0,3379,14872.6619
575.0,3108,14885.702468
585.0,2533,14897.038679
575.0,2874,14909.026703
800.0,3693,14924.386812
575.0,3269,14937.858199
1350.0,5889,14962.356647
570.0,3352,14977.224062
545.0,3287,14991.12177
665.0,3255,15004.633728
545.0,4122,15021.784672
1140.0,5719,15045.720449
800.0,3881,15061.807181
1090.0,6131,15087.483277
915.0,6241,15113.697915
600.0,3797,15129.251685
1250.0,6169,15155.651181
600.0,3301,15170.061996
1130.0,5893,15194.538242
600.0,3625,15233.140302
610.0,3441,15247.47464
570.0,3648,15262.959297
555.0,3938,15280.521199
575.0,4095,15298.426846
580.0,2796,15310.524458
770.0,3294,15324.259755
745.0,4261,15343.452701
725.0,4047,15360.4324
1140.0,6475,15387.666515
555.0,3121,15400.71772
600.0,4101,15417.846112
600.0,3821,15434.208655
380.0,2541,15444.598274
800.0,4403,15463.175329
800.0,4175,15480.661518
545.0,3569,15496.044913
600.0,3425,15511.066904
575.0,3101,15524.44639
1050.0,5335,15546.809087
745.0,3465,15561.372764
480.0,2945,15574.136751
800.0,4465,15592.729095
600.0,3607,15607.622268
895.0,4725,15627.169878
785.0,5028,15648.606779
600.0,3823,15664.464262
325.0,3129,15677.196647
520.0,4141,15695.533771
570.0,3475,15710.250469
530.0,3491,15724.629621
545.0,3525,15739.326157
775.0,3742,15755.260935
575.0,3209,15768.700875
575.0,3662,15783.85599
600.0,3633,15798.923677
1430.0,6015,15824.035234
600.0,3241,15837.562188
575.0,3130,15851.00563
550.0,3209,15864.342744
1175.0,6385,15892.774019
570.0,4063,15911.883496
1185.0,6060,15939.010217
1050.0,6203,15967.813313
805.0,3893,15984.431088
555.0,3809,16000.31878
575.0,3431,16014.470317
875.0,5089,16036.011084
800.0,3529,16050.743344
795.0,6009,16076.740952
800.0,4331,16094.728551
805.0,3863,16110.924328
255.0,2367,16121.006153
820.0,4977,16141.820371
570.0,3367,16155.821222
315.0,2571,16167.117253
1150.0,6197,16193.852607
385.0,2555,16204.601345
1345.0,7638,16237.290456
600.0,3649,16253.231227
600.0,3947,16269.779413
575.0,3178,16282.995065
745.0,3745,16298.563738
905.0,5881,16323.540393
725.0,3533,16338.191671
570.0,4103,16355.313078
545.0,3391,16369.291291
600.0,4071,16386.375451
570.0,3251,16400.014555
605.0,3503,16414.887559
900.0,6301,16442.144007
600.0,3979,16458.485562
575.0,4845,16479.102676
775.0,3834,16495.020863
1035.0,6125,16520.550949
1415.0,6375,16546.819977
555.0,3457,16561.29209
1210.0,7025,16590.811064
740.0,3699,16607.299025
570.0,3187,16620.602256
570.0,3713,16635.858159
875.0,4321,16653.981223
605.0,3565,16668.789779
575.0,3587,16683.673329
600.0,4205,16701.353576
1265.0,6761,16729.896472
600.0,3817,16745.830512
600.0,4433,16764.00428
545.0,2953,16776.218034
1015.0,6085,16802.530893
605.0,3957,16819.460725
570.0,3315,16833.485443
575.0,3633,16848.689862
575.0,3422,16863.064406
575.0,2739,16874.632819
1295.0,6155,16900.813149
600.0,3765,16916.541531
600.0,3213,16929.840446
600.0,3867,16970.821835
820.0,5355,16993.104562
600.0,3473,17007.521374
1085.0,5011,17028.555974
600.0,4311,17046.350514
545.0,3761,17061.832756
600.0,3629,17077.781058
800.0,3209,17091.647555
605.0,3639,17106.838978
570.0,3514,17121.52773
540.0,3521,17136.09617
470.0,2965,17149.459006
575.0,3768,17165.402236
1160.0,6197,17191.241759
540.0,2974,17203.723842
575.0,4103,17220.456516
600.0,4597,17239.786776
600.0,4369,17258.16039
605.0,3729,17273.730986
775.0,5229,17295.536807
800.0,3983,17312.15156
305.0,2249,17321.733167
465.0,3763,17338.587786
950.0,5675,17362.163202
525.0,4008,17378.565027
600.0,3709,17394.292285
600.0,3929,17410.618169
570.0,3787,17426.272405
550.0,3251,17439.826618
455.0,2817,17451.570883
515.0,2821,17463.804306
600.0,3845,17479.875772
1430.0,8379,17515.772591
575.0,4100,17532.843364
600.0,3745,17548.67341
1020.0,6097,17573.802196
600.0,3361,17587.745327
1275.0,7027,17616.922662
570.0,3841,17632.861065
545.0,3939,17649.13525
775.0,3088,17662.421042
600.0,4209,17680.093466
555.0,3699,17696.435724
600.0,3605,17711.343917
555.0,3664,17726.559306
575.0,3325,17741.019795
570.0,3008,17753.660761
515.0,3127,17766.6918
600.0,4389,17784.772348
500.0,3073,17797.676958
600.0,3293,17811.670189
580.0,3059,17824.40309
545.0,3723,17839.72666
540.0,3593,17854.555681
860.0,5099,17876.951149
600.0,3781,17892.749825
545.0,3969,17909.398681
600.0,3097,17922.192821
515.0,3063,17935.263102
790.0,4347,17953.179488
740.0,2917,17965.376786
570.0,3140,17978.809773
545.0,3105,17992.022024
605.0,4037,18009.013875
605.0,3425,18023.279485
575.0,3201,18036.558636
590.0,3072,18049.890256
490.0,3875,18066.600704
515.0,3969,18083.838211
570.0,4381,18102.224798
600.0,4453,18120.593652
600.0,3983,18137.434886
575.0,3073,18150.186728
1045.0,5307,18171.97736
600.0,3433,18186.287131
500.0,3427,18200.507909
575.0,3065,18213.545238
600.0,3823,18229.832005
570.0,3841,18246.046889
755.0,3808,18261.648608
205.0,1969,18270.165739
555.0,2910,18282.225564
775.0,3874,18298.177714
1065.0,5993,18323.123194
600.0,3377,18337.238698
1315.0,5741,18360.878852
1175.0,5241,18382.554188
530.0,3093,18395.444294
805.0,2873,18407.201532
600.0,3377,18422.19702
500.0,3177,18435.564284
575.0,3607,18450.432075
375.0,2491,18460.777028
520.0,3276,18474.281898
600.0,4309,18492.386831
905.0,6383,18518.578239
600.0,3293,18532.332685
600.0,3525,18546.693774
575.0,3677,18562.096093
605.0,3343,18575.892283
745.0,3635,18591.068483
940.0,6025,18616.855734
600.0,3499,18631.124385
545.0,2782,18642.68701
545.0,3486,18679.766317
740.0,4359,18698.508805
800.0,3509,18712.941618
575.0,3912,18729.086478
525.0,3449,18743.373333
600.0,2961,18755.94786
1070.0,6511,18784.218821
530.0,3093,18797.038706
850.0,4879,18817.245659
1050.0,6911,18846.26286
1520.0,7249,18876.724082
510.0,3377,18891.204699
600.0,3389,18905.267101
600.0,3937,18921.837418
1010.0,6667,18949.856843
545.0,3510,18965.201415
570.0,3944,18981.453706
605.0,3313,18995.051846
800.0,3509,19010.080551
605.0,3257,19023.498544
740.0,4241,19041.163605
2035.0,11864,19090.269915
600.0,3539,19104.833846
605.0,4149,19122.420366
570.0,4266,19141.434426
600.0,3649,19156.624325
545.0,3297,19170.210181
1365.0,6541,19197.388067
575.0,4233,19215.254018
600.0,3911,19231.584278
545.0,3201,19244.895942
570.0,4616,19263.890178
570.0,2910,19276.382201
555.0,3985,19292.90499
600.0,3961,19309.364524
520.0,3432,19324.464195
570.0,3664,19339.631498
1170.0,7142,19369.630654
570.0,2867,19381.491294
1290.0,6387,19408.026359
605.0,3325,19421.822422
755.0,4398,19440.423811
545.0,3274,19454.006244
550.0,3427,19468.154579
1025.0,5973,19493.57728
830.0,5177,19517.01926
520.0,4304,19535.160275
570.0,3810,19552.872234
545.0,3130,19566.303186
800.0,3489,19581.05358
545.0,3903,19597.008928
800.0,3599,19611.930039
1865.0,10667,19655.99352
300.0,2391,19665.913426
1205.0,7337,19697.413461
545.0,3649,19712.348327
1135.0,5381,19734.873174
1450.0,7051,19764.80591
545.0,3749,19780.80281
525.0,4830,19801.351978
600.0,4525,19820.308185
575.0,3095,19833.068054
605.0,3581,19848.206066
485.0,3263,19862.364061
555.0,3747,19878.273732
745.0,3514,19892.828668
795.0,5759,19916.689066
570.0,3244,19930.315322
555.0,2576,19940.978175
600.0,3141,19954.026548
430.0,2515,19964.409284
775.0,3772,19980.039266
545.0,3731,19995.702581
555.0,3201,20008.906307
805.0,3369,20023.090641
1165.0,5391,20046.535975
545.0,3061,20059.251404
930.0,5155,20081.067375
575.0,3457,20095.466291
1375.0,7241,20125.500153
1195.0,5573,20148.630715
555.0,3681,20164.176345
1145.0,6081,20189.662585
1065.0,6177,20215.286767
600.0,3449,20230.464771
1045.0,5755,20254.852109
1265.0,5933,20281.434853
950.0,6811,20309.772435
600.0,3677,20325.254011
520.0,3993,20341.99048
575.0,4233,20359.490743
560.0,3809,20375.312687
600.0,3745,20414.327882
800.0,3723,20430.078785
425.0,3583,20444.88797
415.0,3127,20457.845241
570.0,2924,20469.850135
1185.0,7301,20501.105234
520.0,3243,20514.728894
510.0,2961,20527.39639
545.0,3089,20540.142259
585.0,3713,20555.77878
570.0,3273,20569.888178
755.0,4393,20589.508524
545.0,3481,20603.88741
600.0,3477,20618.2658
490.0,3645,20633.370778
275.0,1941,20641.668686
540.0,3406,20655.932664
525.0,3599,20671.214405
545.0,3660,20687.265915
495.0,3553,20702.010482
600.0,3663,20717.347822
800.0,3873,20733.262423
550.0,3203,20746.861555
600.0,3317,20760.644083
485.0,3687,20776.994096
725.0,3295,20790.50961
1385.0,6682,20818.541257
545.0,3257,20832.106494
465.0,3273,20845.656391
570.0,3322,20859.408674
600.0,3197,20872.822125
640.0,3551,20887.827006
570.0,4759,20907.439358
580.0,3749,20923.206098
500.0,2937,20935.514126
600.0,3257,20949.686274
575.0,2618,20961.166044
1705.0,6341,20987.580569
740.0,3472,21002.028639
600.0,3173,21015.280937
600.0,3479,21029.644788
725.0,3724,21045.067511
500.0,3855,21061.177252
605.0,3363,21075.166024
765.0,4557,21094.228114
495.0,3361,21108.457277
575.0,3933,21125.094869
1040.0,5153,21147.611467
620.0,3029,21160.120259
805.0,3357,21174.057898
955.0,5537,21197.71715
600.0,4189,21215.018021
490.0,3749,21230.665926
500.0,3105,21243.565253
800.0,4249,21261.624873
575.0,3854,21277.964327
580.0,3415,21292.31281
690.0,4039,21309.421466
715.0,3413,21324.294527
495.0,4437,21342.608718
570.0,3735,21358.306204
520.0,4043,21375.010614
600.0,3557,21389.706381
1125.0,7161,21419.891777
600.0,2889,21431.900626
800.0,3573,21446.669436
555.0,3066,21459.586684
570.0,3456,21474.036783
405.0,2642,21485.003499
600.0,3507,21501.001102
490.0,3329,21514.881958
570.0,3052,21527.547315
570.0,3799,21543.297114
545.0,3411,21557.224557
600.0,3477,21572.101123
360.0,2909,21584.845943
540.0,3365,21598.751776
485.0,3973,21615.250259
495.0,3719,21630.48315
530.0,2953,21642.792076
775.0,3775,21658.641439
600.0,3529,21674.086974
945.0,5554,21697.328732
545.0,3434,21711.504722
545.0,4316,21729.578804
1185.0,6916,21758.211396
545.0,3069,21770.934124
695.0,3489,21785.361979
1055.0,6436,21812.152712
1060.0,6297,21838.61808
360.0,2975,21850.916154
570.0,3017,21864.316532
540.0,3308,21877.962835
600.0,3123,21890.724809
600.0,3761,21906.664621
485.0,2969,21918.807777
600.0,3549,21933.524857
600.0,3673,21948.615493
600.0,3571,21963.655093
525.0,3349,21977.571449
600.0,3261,21991.18345
600.0,3601,22006.220182
525.0,3883,22022.426426
770.0,3170,22036.468506
805.0,3433,22050.967391
1300.0,6945,22079.878352
575.0,2839,22091.64155
490.0,3517,22128.679739
800.0,4137,22146.345259
575.0,3048,22159.13255
600.0,4257,22176.671723
600.0,3571,22191.375602
480.0,2945,22203.926666
375.0,2515,22214.290018
655.0,3625,22230.148681
605.0,3183,22243.3824
975.0,5649,22267.088286
600.0,4539,22285.833177
545.0,3337,22299.603733
1385.0,8025,22332.457276
1115.0,6965,22361.993589
650.0,2881,22374.148679
570.0,2988,22386.650727
600.0,3461,22401.801809
525.0,3117,22414.598041
1030.0,5831,22439.212344
545.0,3554,22453.709008
425.0,2933,22465.930833
600.0,3995,22483.441946
570.0,3438,22497.978762
995.0,5613,22521.540918
485.0,3771,22537.221
1435.0,7181,22567.55376
1130.0,6469,22595.267967
540.0,3243,22608.749939
545.0,2924,22620.786936
600.0,3121,22633.586725
510.0,3217,22646.904074
1065.0,6829,22675.772056
1275.0,6063,22701.408278
570.0,3602,22716.593409
600.0,3017,22729.193677
605.0,3669,22744.400233
600.0,4067,22761.873112
570.0,3408,22777.076384
575.0,3152,22790.256883
770.0,3237,22803.825816
1230.0,6431,22830.485017
775.0,3975,22846.811941
880.0,4947,22868.098165
545.0,3710,22883.538799
575.0,4024,22900.328069
355.0,2971,22912.479105
1685.0,8424,22948.44731
515.0,3349,22962.546494
600.0,3351,22976.34632
600.0,3591,22991.175621
745.0,4525,23010.161417
515.0,3891,23026.29738
725.0,3285,23039.826319
570.0,3843,23056.264924
800.0,4115,23073.505697
605.0,3669,23088.688796
770.0,4965,23110.650232
515.0,3424,23125.7497
545.0,3349,23140.13391
1565.0,7446,23171.808209
685.0,3265,23186.997308
600.0,3907,23203.399748
540.0,3574,23218.301875
805.0,4367,23236.868327
885.0,4851,23256.984731
1350.0,7349,23287.293771
720.0,3509,23302.06281
600.0,3417,23317.017934
520.0,3824,23332.775501
850.0,5455,23355.157342
495.0,3751,23370.87314
550.0,3325,23385.569538
545.0,3581,23400.354551
750.0,3358,23414.323649
700.0,4167,23431.984821
715.0,3201,23445.322366
545.0,3158,23458.402963
600.0,4053,23475.031381
575.0,3645,23490.95812
570.0,3887,23507.466797
1005.0,5600,23530.624133
525.0,3523,23545.029651
490.0,3039,23557.91032
600.0,3385,23571.914175
570.0,3831,23587.816446
780.0,3627,23602.673144
745.0,3038,23615.251226
550.0,3294,23629.438674
800.0,3869,23645.538043
1130.0,7075,23675.653573
395.0,2503,23685.969037
545.0,3532,23700.866127
545.0,3066,23713.451258
525.0,3655,23728.40095
600.0,2737,23739.654943
575.0,3620,23754.644524
555.0,3499,23769.413752
570.0,3601,23784.379814
575.0,3015,23796.918854
530.0,3330,23810.697984
600.0,3655,23851.041815
740.0,3629,23866.311421
575.0,3237,23879.605989
600.0,3717,23894.890732
935.0,5629,23917.972443
600.0,3627,23933.516341
740.0,3510,23948.003427
560.0,4129,23965.203042
545.0,3288,23978.751283
335.0,2225,23988.201184
575.0,2746,23999.536616
570.0,3587,24014.360635
600.0,3865,24030.982768
1000.0,4197,24048.720057
740.0,3369,24062.713264
580.0,3272,24076.265652
1085.0,5905,24101.444876
545.0,3296,24115.051263
1175.0,6263,24140.835428
570.0,3715,24156.345631
465.0,3685,24171.948869
550.0,3875,24187.889528
600.0,3681,24203.188821
600.0,3495,24218.437803
575.0,3168,24231.965273
605.0,3735,24247.285728
545.0,3323,24260.95742
600.0,3947,24277.448067
800.0,3841,24294.316809
1305.0,6787,24323.283809
770.0,3516,24340.174546
570.0,3188,24355.013027
860.0,5677,24378.793356
725.0,3464,24394.10969
600.0,3447,24408.575596
775.0,3351,24422.426004
570.0,3287,24436.557543
1375.0,6998,24466.09407
980.0,6969,24495.006016
600.0,3803,24511.053807
600.0,3525,24525.904423
570.0,3547,24540.499279
605.0,3711,24555.726357
580.0,3304,24569.520044
570.0,3173,24583.805364
570.0,3562,24598.698477
570.0,4111,24615.647652
575.0,3175,24628.896823
1350.0,7109,24658.766071
575.0,2711,24669.92656
600.0,4271,24687.543488
575.0,3358,24703.224622
515.0,3382,24717.531906
600.0,3381,24731.506624
545.0,3358,24745.687542
600.0,3847,24762.706843
455.0,2933,24774.70484
470.0,3169,24787.911067
605.0,3723,24803.591866
490.0,3163,24817.144555
570.0,3350,24831.120384
515.0,3789,24846.965157
610.0,4119,24864.333097
600.0,3975,24880.63905
600.0,3713,24895.97662
480.0,3291,24909.63975
545.0,3994,24926.355317
790.0,5487,24950.059098
605.0,3689,24965.31851
745.0,3403,24979.292724
800.0,4509,24998.206697
555.0,3009,25010.862857
540.0,2960,25023.122436
435.0,3163,25036.088758
545.0,4255,25053.58824
575.0,3799,25069.78756
855.0,5269,25091.524364
570.0,3961,25107.941135
600.0,3671,25124.432693
605.0,3667,25139.747944
545.0,3182,25152.915768
570.0,2860,25164.846929
570.0,2846,25177.163084
570.0,3486,25192.397715
540.0,3224,25206.112621
600.0,3633,25221.231631
775.0,4069,25238.076951
570.0,3427,25252.290401
540.0,3683,25267.494431
370.0,2589,25278.4577
1045.0,5887,25303.872362
935.0,5409,25326.154157
540.0,3380,25340.174279
945.0,3365,25354.187721
665.0,3617,25369.143941
1400.0,6532,25396.154041
600.0,3443,25410.212838
545.0,3193,25424.031807
600.0,3381,25437.913953
600.0,3687,25453.147237
540.0,3955,25469.528935
575.0,3181,25483.929313
390.0,2583,25494.525424
1140.0,6461,25521.40558
470.0,2637,25532.523035
340.0,2277,25564.107749
600.0,3733,25579.755935
710.0,3773,25595.605446
540.0,3073,25608.390944
600.0,4063,25625.618683
600.0,3685,25640.736277
470.0,3313,25654.467888
575.0,3689,25670.730344
545.0,3187,25683.830715
570.0,3081,25696.518078
515.0,3379,25710.865257
570.0,3329,25724.780664
555.0,3217,25737.946484
1385.0,6891,25766.494002
570.0,3939,25783.207898
605.0,3559,25798.108056
1065.0,6079,25823.298597
575.0,3132,25836.24136
560.0,3716,25852.878372
540.0,3045,25865.556542
940.0,5399,25887.905526
575.0,3705,25903.202438
605.0,3649,25918.334218
750.0,3123,25931.157725
600.0,3873,25947.519857
800.0,3349,25961.571886
580.0,2647,25972.752706
745.0,3529,25987.369961
545.0,3944,26003.714541
600.0,3617,26019.036101
600.0,3475,26034.512919
545.0,3265,26048.148542
930.0,6249,26074.676875
545.0,3073,26087.991698
545.0,3367,26102.280182
605.0,3385,26116.508832
775.0,4321,26134.772405
540.0,3159,26148.072399
430.0,2771,26159.854053
745.0,3426,26174.020874
770.0,4169,26191.570842
575.0,4030,26209.162433
570.0,3481,26223.562922
200.0,1465,26229.817015
525.0,2469,26240.033641
505.0,3353,26254.004964
890.0,5567,26277.631696
570.0,4115,26294.5801
600.0,3173,26307.779553
600.0,3787,26323.550499
600.0,3377,26337.662501
955.0,5259,26359.681251
580.0,3421,26373.974547
525.0,3301,26388.595138
545.0,3122,26401.543641
570.0,3258,26414.999499
600.0,3795,26430.933539
490.0,3499,26445.188168
545.0,3209,26458.43704
550.0,3192,26471.5738
1450.0,6891,26500.492478
800.0,3577,26515.280535
575.0,3270,26528.816466
575.0,2398,26538.54895
1000.0,6487,26566.001269
550.0,3127,26579.446792
485.0,4067,26596.257282
1210.0,5613,26619.616468
800.0,3525,26634.321753
770.0,3493,26648.807695
540.0,3123,26661.728856
605.0,3719,26677.388564
210.0,2393,26687.256988
1205.0,6943,26717.571875
1260.0,5685,26741.387045
570.0,3171,26755.686507
570.0,2682,26766.809082
575.0,3816,26782.575577
570.0,4039,26799.575609
575.0,3490,26815.685789
570.0,3500,26831.035151
775.0,3123,26844.121185
540.0,3288,26857.613716
600.0,3173,26870.812518
770.0,3951,26887.159668
550.0,3386,26901.260187
740.0,3059,26914.464871
1240.0,6059,26940.666258
570.0,3493,26955.024031
770.0,3613,26970.210099
975.0,5613,26994.405596
570.0,3393,27008.459734
570.0,4163,27025.718464
770.0,3743,27041.291353
1525.0,6797,27069.634523
570.0,3447,27083.923752
1115.0,5753,27108.152441
665.0,3425,27123.307068
600.0,4051,27140.03098
1160.0,6737,27167.973248
570.0,4208,27185.251242
540.0,3885,27201.543334
545.0,2974,27213.893205
745.0,3338,27227.991624
605.0,3077,27240.871375
605.0,3585,27255.516285
600.0,3253,27294.252889
1185.0,6397,27320.866016
1210.0,6884,27349.267467
1230.0,6137,27374.633291
1230.0,6483,27401.614298
600.0,3565,27416.681359
540.0,3057,27429.261953
570.0,3584,27444.01268
430.0,2519,27454.401826
545.0,3455,27469.105889
920.0,4889,27490.174113
570.0,2810,27501.958582
770.0,3785,27517.520969
545.0,3309,27531.071764
540.0,3287,27545.067678
600.0,3703,27560.465405
605.0,3411,27574.603963
575.0,3145,27587.568707
540.0,3879,27603.536015
600.0,3459,27617.999987
540.0,3647,27633.351257
570.0,3372,27647.349282
600.0,3633,27663.270248
600.0,3537,27678.097925
1085.0,6239,27704.329202
525.0,3318,27718.461324
570.0,3480,27733.471358
745.0,2995,27745.945267
770.0,3494,27760.577282
540.0,3400,27774.908341
600.0,3923,27791.406473
545.0,3578,27806.338902
1115.0,5711,27830.128814
600.0,2965,27843.358882
540.0,3543,27857.95473
600.0,3333,27872.885807
545.0,3350,27887.201933
600.0,3947,27903.563148
570.0,4720,27923.18349
570.0,3564,27937.948145
600.0,4079,27954.768743
570.0,3516,27969.569253
1200.0,7570,28000.905039
545.0,2881,28012.893324
585.0,2910,28025.895773
600.0,3737,28041.259638
570.0,3327,28055.558208
1150.0,6701,28083.312306
1115.0,6213,28108.771277
600.0,3855,28125.118958
685.0,3221,28138.537931
600.0,4385,28156.584958
555.0,3987,28173.187891
600.0,3931,28189.821389
600.0,4563,28209.665688
220.0,1953,28217.531383
635.0,3943,28234.349376
545.0,3457,28248.613275
545.0,3797,28265.408864
770.0,3763,28281.126038
1325.0,6815,28310.070652
485.0,2981,28322.340279
570.0,3244,28335.808253
735.0,2667,28346.927294
600.0,3869,28363.323215
605.0,3085,28376.493449
715.0,3232,28390.32094
1210.0,5540,28413.320913
695.0,4391,28431.619008
740.0,4035,28448.664499
1345.0,6735,28476.777214
770.0,3751,28492.204058
570.0,3931,28508.346086
600.0,3657,28523.715804
1180.0,6675,28551.418594
550.0,3653,28567.348266
540.0,3338,28581.061587
545.0,3874,28597.209359
525.0,3115,28610.178437
545.0,3644,28625.206945
570.0,3355,28638.98493
630.0,3667,28654.321929
575.0,3572,28669.55433
600.0,3421,28683.966616
575.0,3485,28698.370857
440.0,2793,28709.785629
545.0,2887,28722.233319
555.0,3109,28735.153837
960.0,4245,28753.867808
600.0,4115,28770.952082
600.0,3173,28784.280367
770.0,3773,28800.514239
580.0,3305,28814.112934
570.0,3099,28826.811142
600.0,3917,28843.029518
390.0,2711,28854.749202
720.0,3137,28867.675511
575.0,3983,28884.102774
600.0,3697,28899.302714
530.0,3707,28914.590054
720.0,3179,28928.767626
995.0,5655,28952.40565
600.0,3633,28967.59223
545.0,3660,29002.368227
800.0,3297,29015.883223
715.0,3221,29029.412795
600.0,3413,29044.047499
540.0,3618,29058.942389
525.0,3739,29074.157021
540.0,2881,29086.157918
395.0,2412,29096.056621
355.0,2823,29108.880865
575.0,3353,29122.678296
570.0,3797,29138.419621
570.0,2782,29149.94373
570.0,2988,29162.291375
580.0,3024,29174.913109
1115.0,6263,29201.305605
415.0,2258,29210.601156
1315.0,5925,29235.137964
490.0,3585,29250.102873
570.0,3402,29264.29382
570.0,3352,29278.23002
570.0,3401,29293.248177
1025.0,6077,29318.368331
845.0,4681,29338.096701
525.0,3290,29351.636415
600.0,3401,29365.597642
920.0,5643,29389.134534
570.0,4021,29405.944004
1075.0,6947,29434.673959
800.0,4159,29452.258116
605.0,3703,29468.322709
600.0,3865,29484.686964
575.0,3156,29497.864045
1355.0,7891,29530.570368
540.0,3486,29544.948163
500.0,3307,29559.056703
1865.0,9807,29599.714148
600.0,4203,29617.014112
800.0,3905,29633.63511
600.0,3325,29648.447498
600.0,3253,29662.012033
745.0,4276,29680.134449
605.0,3983,29697.479108
1500.0,6903,29726.790237
575.0,3557,29741.624136
905.0,5839,29765.877767
745.0,3554,29780.537673
605.0,4025,29797.092498
600.0,4253,29815.012588
1180.0,7451,29847.234551
970.0,4135,29864.325715
600.0,3667,29879.889243
1205.0,7099,29909.446498
495.0,3529,29924.264696
545.0,3623,29939.128994
545.0,4199,29956.878305
575.0,3474,29971.326165
440.0,2965,29983.414855
580.0,3081,29996.191348
1155.0,6481,30024.309705
555.0,3394,30039.196904
800.0,4005,30055.905526
1225.0,7447,30086.669986
740.0,3766,30102.367543
510.0,3956,30118.604771
575.0,3817,30134.868592
575.0,3600,30149.755417
805.0,3305,30163.531403
570.0,3123,30176.381695
605.0,4185,30194.429956
770.0,3843,30210.428727
600.0,3739,30226.413141
800.0,3805,30242.212159
570.0,3431,30256.838876
1100.0,7943,30290.485114
800.0,3977,30308.330951
605.0,3653,30323.356295
1345.0,7417,30354.38502
1040.0,5343,30377.851614
570.0,3429,30392.135385
745.0,3869,30407.926312
1530.0,7053,30437.974993
470.0,3347,30453.568291
545.0,4033,30470.12948
1115.0,7439,30500.8552
570.0,3142,30513.755137
600.0,3605,30529.293502
545.0,3002,30541.725526
755.0,3230,30556.092269
800.0,4119,30573.474546
515.0,3999,30590.557986
485.0,3469,30605.22193
545.0,3255,30618.639725
600.0,3397,30632.871213
600.0,3437,30647.070021
800.0,3783,30662.961824
600.0,3937,30679.301487
915.0,5729,30730.874964
540.0,3331,30745.635057
575.0,3479,30759.946502
600.0,3565,30774.65146
775.0,4357,30792.367787
600.0,4097,30809.581263
545.0,3152,30822.809546
1090.0,6495,30849.72917
545.0,3408,30863.758236
765.0,4401,30881.871924
585.0,3125,30894.816801
800.0,3725,30910.481277
1390.0,6631,30938.825604
605.0,3521,30953.235008
1115.0,6695,30980.933774
600.0,3181,30994.415164
1170.0,7315,31024.496555
570.0,3580,31039.128889
335.0,2633,31049.96472
575.0,3436,31064.294468
800.0,4489,31083.142798
800.0,3779,31099.644788
740.0,3124,31112.490445
575.0,3473,31126.880313
1405.0,6648,31154.273314
770.0,4190,31171.908695
565.0,2931,31183.904742
600.0,3787,31199.402432
610.0,3477,31213.693731
770.0,3799,31229.352576
570.0,3963,31245.863008
1130.0,6749,31273.78207
1300.0,6637,31302.617527
570.0,4137,31319.645354
600.0,3753,31335.505354
745.0,3201,31348.698151
570.0,4277,31366.23578
545.0,3712,31381.509342
770.0,3521,31396.086636
755.0,3799,31412.10704
515.0,3493,31426.658133
780.0,3408,31440.555775
580.0,3493,31454.771077
600.0,3881,31472.476337
1295.0,6805,31502.778445
570.0,3258,31516.401127
1030.0,7071,31545.966083
545.0,3673,31561.168843
745.0,3429,31575.76484
1380.0,6024,31600.82814
410.0,3151,31613.81654
1585.0,7018,31643.956104
600.0,3253,31659.346528
600.0,3597,31677.212756
545.0,3812,31695.647958
605.0,3135,31713.038387
605.0,3635,31728.506966
570.0,3073,31741.171314
545.0,3372,31755.471438
750.0,3209,31768.66884
600.0,3787,31784.168738
600.0,3457,31798.555597
305.0,2703,31809.658503
575.0,3765,31826.204652
540.0,3351,31840.199251
500.0,3539,31854.75947
600.0,3073,31867.397386
575.0,3606,31882.290404
605.0,3631,31897.301076
550.0,3517,31911.938002
600.0,3477,31926.376066
600.0,4101,31943.338066
605.0,3949,31959.598096
630.0,3881,31975.45411
865.0,5053,31996.627916
1005.0,4553,32016.442592
720.0,3201,32029.656043
570.0,2896,32041.536088
600.0,4453,32059.918963
600.0,3245,32073.581576
575.0,2753,32084.917483
1295.0,6725,32112.605937
770.0,3344,32126.319312
895.0,5846,32150.388233
545.0,3251,32163.876189
605.0,3165,32177.129097
1000.0,3471,32192.2497
490.0,3705,32207.476614
770.0,3552,32222.030904
305.0,1959,32230.228634
770.0,3123,32243.007986
515.0,3349,32257.001951
1110.0,4867,32277.310328
1190.0,6193,32303.137338
1175.0,6273,32329.339313
800.0,3433,32343.481872
605.0,3319,32357.135234
800.0,3663,32373.618582
1075.0,5551,32397.564562
575.0,3567,32412.177433
765.0,4349,32457.476556
600.0,3345,32471.215822
540.0,3372,32485.609743
1350.0,7327,32515.731367
1310.0,6215,32541.306509
570.0,3732,32557.68047
800.0,3007,32569.97305
770.0,3437,32584.386771
600.0,3457,32598.536879
575.0,3450,32612.651512
575.0,3749,32628.316912
605.0,3267,32641.740227
310.0,2663,32652.813906
575.0,3521,32667.499392
605.0,3563,32682.151777
555.0,3473,32696.439423
1345.0,6748,32725.087973
570.0,3073,32738.398357
545.0,3623,32753.214664
600.0,3599,32767.97571
830.0,3621,32782.807772
1080.0,6693,32811.062742
1070.0,6471,32837.74001
545.0,3346,32851.504129
525.0,3062,32864.0884
545.0,3024,32876.570146
605.0,3553,32891.419027
600.0,3949,32908.116502
605.0,3521,32923.083625
655.0,3777,32938.791055
570.0,3735,32954.16523
770.0,3942,32970.162613
600.0,3385,32984.145956
600.0,3469,32998.405296
575.0,3785,33013.878943
465.0,3343,33027.977546
600.0,3873,33044.058273
710.0,3751,33059.492603
800.0,3925,33075.790462
855.0,5615,33100.056325
550.0,3130,33112.955811
555.0,3821,33128.451991
770.0,3773,33144.109281
750.0,3510,33159.090854
575.0,3473,33173.518861
955.0,4907,33193.839348
1200.0,7320,33224.300552
490.0,3543,33239.186583
365.0,2199,33248.163702
775.0,3493,33262.595372
1470.0,7091,33294.16094
570.0,3642,33309.27313
605.0,3691,33324.368968
570.0,4195,33342.107032
1080.0,6919,33370.489009
530.0,3705,33385.772575
745.0,3368,33399.86066
935.0,5483,33422.608267
760.0,3432,33436.570121
885.0,5480,33459.93453
600.0,3449,33474.283318
1145.0,7236,33504.568093
600.0,3887,33520.463737
705.0,3233,33534.030389
580.0,3569,33548.718987
555.0,4217,33566.3671
520.0,3724,33581.731268
190.0,2079,33590.290427
600.0,3413,33604.342437
1125.0,7085,33634.724393
575.0,3066,33647.389798
695.0,4205,33664.722133
545.0,3082,33677.30475
535.0,2999,33689.627525
585.0,3600,33705.170306
545.0,4033,33721.869481
545.0,3253,33735.183018
875.0,6065,33760.000659
630.0,3901,33776.3551
1100.0,6715,33804.191565
490.0,3317,33818.679421
550.0,2881,33830.633708
750.0,3095,33843.542543
570.0,3045,33856.193782
575.0,3452,33870.453293
605.0,2977,33882.90966
580.0,3059,33896.865802
1125.0,5807,33920.979383
575.0,3415,33934.939173
550.0,4179,33952.072
555.0,3307,33965.98305
545.0,3974,33982.404849
600.0,3601,33998.111378
1110.0,5945,34022.839723
770.0,3618,34038.100807
515.0,3725,34053.249358
545.0,3457,34067.978712
500.0,3783,34085.43713
415.0,3436,34099.881158
600.0,3331,34113.616685
500.0,3877,34153.97585
570.0,3677,34169.591427
540.0,3180,34183.708368
800.0,3033,34196.693136
600.0,3871,34212.959087
570.0,3851,34228.738421
105.0,1159,34233.604782
770.0,3052,34246.123777
685.0,3539,34260.942795
570.0,3292,34274.56894
785.0,3997,34291.05743
510.0,3733,34306.477059
550.0,3306,34320.301922
805.0,3849,34336.249349
800.0,3759,34351.698523
575.0,3008,34365.033957
600.0,3467,34379.495962
460.0,3203,34393.061799
580.0,3975,34409.327358
600.0,3241,34422.818486
545.0,3422,34437.158126
540.0,3511,34451.942264
540.0,3237,34465.562718
605.0,3457,34479.958162
1150.0,5841,34504.27179
670.0,3313,34518.17289
570.0,3617,34533.403984
525.0,3307,34547.935857
600.0,3405,34561.967915
600.0,3773,34577.521162
775.0,3983,34594.017394
1230.0,7749,34626.136229
570.0,3354,34639.865998
570.0,4130,34656.784235
450.0,3039,34669.205219
630.0,3547,34684.071583
575.0,4095,34700.825078
515.0,3432,34714.94479
570.0,4203,34733.56429
475.0,3081,34746.190867
800.0,4119,34762.989578
1060.0,6089,34787.987922
745.0,3820,34804.125404
800.0,3717,34819.574113
540.0,3318,34833.384904
920.0,6121,34858.506374
570.0,3422,34872.633966
470.0,3843,34888.841613
310.0,2601,34900.306316
755.0,3323,34914.464707
515.0,3760,34929.846008
1125.0,6709,34957.758098
480.0,3281,34971.350924
600.0,3543,34986.094585
735.0,4705,35005.391867
600.0,4327,35023.65683
540.0,3365,35037.446385
1130.0,6977,35066.205151
600.0,3941,35083.465011
540.0,3435,35098.373826
825.0,4531,35117.335747
495.0,3057,35129.775228
575.0,2945,35141.900112
1365.0,7747,35173.803592
745.0,3180,35186.964455
605.0,3717,35202.606631
600.0,4165,35219.625551
600.0,3741,35235.110611
600.0,3645,35250.278661
1185.0,6605,35279.107459
700.0,3587,35293.808865
600.0,3703,35308.980713
800.0,4675,35328.172551
530.0,3409,35342.587428
600.0,3441,35356.956103
750.0,4116,35373.953021
545.0,2960,35386.135552
975.0,4483,35404.668581
775.0,3428,35418.662934
545.0,3706,35434.323169
800.0,3089,35447.964531
600.0,3849,35463.861976
545.0,3401,35477.899731
495.0,3505,35492.138642
540.0,2953,35504.379198
575.0,3088,35517.498091
770.0,3650,35532.361226
600.0,4137,35549.359196
600.0,3237,35562.616214
605.0,3207,35576.042199
545.0,3571,35590.790874
545.0,3652,35605.7091
800.0,3533,35620.121509
570.0,2713,35632.203498
770.0,4117,35649.592865
570.0,3085,35662.391958
570.0,3119,35675.302902
600.0,3559,35689.817476
600.0,3667,35705.324093
600.0,3671,35720.433274
570.0,3059,35732.918715
480.0,2913,35744.915002
775.0,3897,35761.252242
730.0,4589,35780.123094
715.0,3285,35793.795876
540.0,3173,35807.338597
600.0,3141,35820.626626
720.0,4501,35861.091033
410.0,2135,35869.87479
715.0,3471,35884.453448
600.0,4323,35902.373711
575.0,3051,35915.003848
515.0,3179,35928.360956
805.0,2941,35940.419972
1120.0,6713,35968.829966
460.0,3737,35984.200719
770.0,3307,35999.450057
525.0,4166,36016.189451
685.0,3377,36030.114811
575.0,2945,36042.325237
600.0,3423,36056.713454
605.0,3635,36071.566239
600.0,3421,36085.606076
570.0,3382,36099.442766
775.0,2972,36111.762643
575.0,3616,36126.90874
600.0,4073,36143.523247
570.0,3834,36159.401554
610.0,3817,36176.045311
570.0,4105,36193.161446
825.0,5149,36214.387453
575.0,3481,36228.699407
540.0,3104,36241.735083
770.0,3620,36256.73445
1350.0,7011,36286.060559
520.0,3887,36301.930665
575.0,3371,36315.714255
550.0,3393,36329.785807
600.0,3849,36345.973167
600.0,3449,36360.980935
540.0,3761,36376.455701
580.0,3102,36389.249918
545.0,3379,36403.29212
540.0,4141,36420.791116
570.0,2960,36432.827303
550.0,3145,36445.85635
600.0,3625,36460.653475
550.0,3652,36475.599041
600.0,3413,36489.948754
580.0,3216,36503.286381
805.0,4119,36520.066376
515.0,3509,36535.499248
800.0,3821,36551.65107
545.0,4414,36569.887276
570.0,3440,36584.252982
545.0,4003,36600.686492
515.0,3115,36613.961477
570.0,3379,36627.927883
620.0,2635,36638.762515
465.0,2897,36650.663035
770.0,3772,36666.526501
740.0,3115,36679.289942
545.0,3381,36693.189991
1150.0,7585,36725.305265
610.0,3537,36740.087278
745.0,3231,36753.485974
600.0,3147,36766.740493
480.0,2945,36778.869604
575.0,3951,36795.058976
1200.0,7457,36826.065838
720.0,4279,36843.763357
770.0,3827,36859.548391
570.0,4253,36877.496283
600.0,3273,36891.896243
750.0,3539,36907.277796
770.0,3851,36923.027664
575.0,4060,36939.882631
600.0,3549,36954.38297
1315.0,6623,36981.991447
545.0,3720,36997.349556
580.0,3595,37012.104805
600.0,3645,37027.103048
570.0,3287,37040.48663
570.0,3472,37055.18574
570.0,3876,37071.142056
520.0,2923,37084.051713
800.0,3735,37099.408545
580.0,3355,37113.150851
1200.0,8127,37147.381011
550.0,2896,37159.264978
570.0,3137,37172.229998
770.0,3038,37184.681584
545.0,3449,37198.86793
575.0,3312,37212.878319
1355.0,7009,37241.491956
570.0,3131,37254.526856
600.0,4201,37272.473361
835.0,5089,37293.862474
935.0,6933,37322.38622
770.0,2995,37334.649923
815.0,4401,37353.251843
575.0,3363,37367.004372
455.0,2657,37378.126885
550.0,3265,37391.699984
1050.0,5995,37416.223268
800.0,4409,37434.897028
800.0,4499,37454.623278
600.0,3613,37469.343348
190.0,1791,37476.699777
545.0,3472,37491.194215
740.0,3166,37505.390226
800.0,3347,37519.391899
745.0,3546,37534.040513
575.0,3473,37571.139051
575.0,4064,37587.920743
1145.0,7283,37618.916069
545.0,3145,37632.199924
860.0,5503,37654.805696
660.0,3777,37670.825234
460.0,2641,37682.078711
1385.0,6986,37712.82365
805.0,3213,37726.671631
520.0,4115,37743.591846
1205.0,7047,37773.308734
540.0,3028,37785.950603
575.0,4343,37805.184195
570.0,4167,37822.190127
570.0,3778,37838.016989
800.0,3299,37851.737823
545.0,3571,37866.499675
1075.0,6645,37893.736922
600.0,3257,37907.474431
575.0,3629,37922.437113
570.0,3372,37936.316556
600.0,3217,37949.491473
745.0,4055,37966.524772
570.0,3009,37980.032675
775.0,2668,37991.814219
600.0,3567,38007.259636
545.0,3308,38021.095419
600.0,3313,38035.004305
1210.0,6261,38060.551011
600.0,3669,38075.576051
570.0,3686,38091.122417
570.0,2981,38103.33196
540.0,3706,38118.459422
1295.0,7057,38147.672722
830.0,5473,38171.268071
575.0,3308,38184.878383
345.0,2657,38195.769032
600.0,3765,38211.07294
605.0,3631,38225.88554
600.0,3977,38242.3952
690.0,4329,38260.185932
975.0,5009,38280.678015
570.0,3052,38293.595211
600.0,3383,38307.344831
540.0,3881,38324.000243
545.0,4069,38344.559384
280.0,2615,38356.074097
775.0,3344,38370.057353
1370.0,7165,38399.755111
600.0,3673,38415.304983
575.0,2889,38427.204701
545.0,3479,38442.053989
570.0,3499,38456.433681
605.0,3305,38469.935212
975.0,3837,38485.78366
945.0,3586,38500.660184
1170.0,6683,38529.313923
580.0,3073,38542.02428
570.0,3073,38554.73
600.0,3425,38569.030995
825.0,4463,38587.470395
600.0,3627,38602.520556
600.0,3525,38617.000016
600.0,3585,38631.859433
570.0,3173,38644.773235
570.0,3849,38660.628038
920.0,5995,38686.041723
1280.0,6491,38714.228771
770.0,3290,38727.801506
775.0,3703,38743.10168
1070.0,5583,38766.427608
575.0,3283,38779.900704
545.0,3453,38794.132376
860.0,5363,38817.151175
490.0,3313,38831.163772
540.0,3523,38845.84472
1295.0,6431,38872.943808
1350.0,7204,38903.77474
800.0,3209,38917.211788
470.0,3365,38931.189295
605.0,3631,38946.131271
600.0,3491,38960.455919
1120.0,6963,38989.173362
520.0,3168,39002.68644
695.0,4155,39019.607532
575.0,3867,39035.560713
600.0,3265,39048.959377
600.0,3143,39062.208457
555.0,3493,39077.332566
570.0,3820,39093.08197
800.0,3981,39109.495802
575.0,3730,39124.734528
925.0,6501,39151.357522
1035.0,6939,39180.087324
555.0,3571,39194.725767
570.0,2591,39205.345994
555.0,3541,39219.786043
575.0,3578,39234.554791
600.0,3817,39274.020549
925.0,5375,39296.519415
570.0,3024,39308.999875
540.0,3002,39321.300991
600.0,3639,39336.216779
540.0,2988,39348.870384
895.0,5645,39372.014078
550.0,2800,39383.529588
605.0,3729,39398.696315
600.0,3585,39413.46615
570.0,3564,39428.612284
600.0,3331,39442.987574
770.0,3105,39455.648196
805.0,3045,39468.442516
1000.0,3597,39483.345851
800.0,2945,39495.785791
575.0,2938,39507.928402
1055.0,6223,39533.714403
1315.0,7389,39564.136607
605.0,3177,39577.813894
600.0,3955,39594.656061
445.0,3185,39607.759199
570.0,3697,39623.892974
540.0,3535,39638.330096
1055.0,6341,39664.833568
600.0,3749,39680.262123
800.0,2909,39692.22474
1550.0,6539,39719.275144
575.0,3066,39732.111745
600.0,3513,39746.468505
800.0,3513,39760.923837
580.0,3194,39774.179057
600.0,3417,39788.247726
555.0,3059,39801.708156
515.0,3765,39817.522006
1430.0,8311,39851.809705
1390.0,6724,39879.489832
940.0,6313,39905.547293
1230.0,6506,39932.293385
880.0,3615,39947.545071
1200.0,6747,39975.951936
980.0,5861,40000.195771
515.0,3275,40013.661885
1080.0,5840,40038.140009
945.0,5919,40062.240769
600.0,3819,40078.083011
515.0,3381,40092.171497
900.0,5017,40112.666747
1845.0,9503,40151.937986
2145.0,9441,40191.70364
600.0,3401,40206.055333
545.0,3258,40219.577183
1205.0,7283,40249.567319
600.0,3733,40264.911329
575.0,3725,40280.336319
570.0,3321,40293.934393
1990.0,8149,40327.615714
1175.0,7587,40360.251877
600.0,3165,40373.216678
800.0,3901,40389.636027
540.0,3595,40404.334638
600.0,3571,40418.967269
520.0,3236,40432.21692
1205.0,6105,40457.768049
600.0,3029,40470.800608
1255.0,6604,40498.780766
775.0,3419,40512.898065
800.0,3325,40527.385737
940.0,3618,40542.717611
570.0,3657,40557.768591
1315.0,6617,40585.05216
745.0,3392,40598.884491
600.0,4015,40615.775676
1325.0,5671,40639.234183
570.0,3119,40652.101979
515.0,3073,40664.685795
600.0,4207,40681.955441
550.0,3184,40695.267301
800.0,3753,40711.530274
1205.0,6795,40739.518623
600.0,4467,40757.889504
465.0,2969,40770.267625
980.0,6173,40795.780796
570.0,3145,40808.650517
575.0,2890,40820.507692
570.0,4161,40837.526725
545.0,3166,40850.88338
575.0,3699,40866.305348
1430.0,7373,40897.63552
570.0,2901,40909.331859
600.0,3293,40923.082669
555.0,3475,40937.332111
570.0,3989,40977.872714
540.0,3116,40990.730607
600.0,3525,41005.655825
775.0,3619,41020.546944
575.0,3566,41035.230671
600.0,3789,41050.76063
600.0,3693,41066.890952
545.0,2746,41078.213233
335.0,2535,41088.39245
490.0,3973,41106.148773
540.0,2640,41117.129551
800.0,4249,41135.068119
575.0,3533,41149.563867
945.0,6423,41176.144451
570.0,3229,41189.345115
600.0,3509,41204.118851
570.0,3115,41216.892899
575.0,3665,41231.883096
1080.0,6421,41259.13951
570.0,3597,41274.076253
1175.0,7821,41306.19647
540.0,3507,41320.659845
570.0,2846,41333.003705
555.0,3469,41348.918102
830.0,5605,41372.739977
600.0,3195,41385.94286
995.0,6983,41415.037209
600.0,3581,41430.737775
930.0,5657,41454.284361
570.0,3704,41469.264249
600.0,3177,41482.458099
1300.0,6671,41510.157825
845.0,5611,41533.207252
1545.0,6981,41561.739261
570.0,3389,41575.751432
570.0,3265,41589.027511
545.0,3408,41603.493731
1550.0,7109,41633.738175
540.0,3627,41648.683359
600.0,3163,41661.559869
600.0,3321,41675.293306
570.0,2832,41686.835052
770.0,3088,41699.563945
1355.0,5471,41722.375504
545.0,3400,41736.422092
600.0,3857,41752.223673
800.0,4171,41769.500023
455.0,3121,41782.235362
1345.0,6673,41810.322037
1200.0,6871,41838.515304
555.0,3721,41853.945428
600.0,3665,41868.907938
710.0,3727,41884.058389
1050.0,6664,41911.497623
545.0,3162,41924.498671
570.0,2985,41937.174138
745.0,4079,41953.924985
570.0,3241,41967.660347
1535.0,8337,42002.746951
600.0,2937,42016.805262
490.0,3153,42030.02753
585.0,3112,42042.966985
800.0,3479,42057.127411
600.0,2873,42069.010902
585.0,2956,42081.026289
840.0,4687,42101.330603
600.0,3637,42116.293441
570.0,3259,42129.81535
600.0,3885,42145.915897
605.0,3781,42162.283354
570.0,3542,42177.076843
600.0,3433,42191.197971
570.0,3780,42206.670531
775.0,3038,42219.241479
540.0,3071,42231.897763
745.0,3009,42244.559413
610.0,3767,42259.974332
1145.0,7484,42291.467909
725.0,4575,42310.870874
560.0,3326,42324.554767
600.0,2941,42337.836773
525.0,2643,42348.805092
575.0,3585,42363.450255
545.0,2810,42375.284773
605.0,2965,42387.519978
785.0,3585,42402.229075
605.0,2813,42413.808879
1150.0,6893,42442.26754
800.0,3463,42456.560761
580.0,3182,42469.897096
570.0,3791,42485.322695
550.0,3038,42497.813139
405.0,3053,42511.003065
580.0,2633,42522.065012
540.0,3014,42534.718275
1295.0,5957,42559.496802
545.0,2945,42571.52509
540.0,3109,42584.23103
805.0,5019,42604.865044
775.0,3111,42617.502254
1080.0,6073,42642.952443
545.0,3173,42655.995498
600.0,2757,42690.251044
1375.0,6721,42718.382576
1330.0,6305,42744.141982
1065.0,5281,42766.269676
435.0,3693,42781.491911
605.0,3213,42794.749631
515.0,3211,42807.910129
1000.0,3101,42820.740416
570.0,3031,42833.24206
545.0,3395,42847.439064
540.0,3306,42860.884838
630.0,3815,42877.478019
600.0,3283,42890.907244
605.0,2889,42903.446959
605.0,3033,42917.387036
770.0,3547,42932.236683
770.0,3827,42947.969335
1000.0,3411,42962.062408
540.0,3272,42976.018397
1125.0,6193,43001.355503
575.0,3240,43014.64285
770.0,3853,43030.350726
725.0,3600,43045.34866
1280.0,6871,43074.512084
605.0,3317,43088.279684
605.0,3205,43101.520471
600.0,3311,43115.002184
600.0,3637,43130.060689
680.0,3971,43146.645408
575.0,4391,43164.614724
1265.0,6101,43190.093404
580.0,3109,43203.263341
545.0,2825,43214.812619
545.0,3169,43228.029923
545.0,3195,43242.17554
770.0,3364,43255.911232
525.0,3035,43268.356442
600.0,3157,43281.423717
540.0,3791,43297.323468
525.0,3498,43311.805243
1580.0,7266,43341.726646
600.0,3589,43356.437865
540.0,3280,43369.841603
575.0,3757,43385.625237
600.0,3507,43399.898659
1305.0,5335,43422.707592
730.0,4903,43443.384418
570.0,3437,43457.473539
600.0,3849,43473.350431
600.0,3641,43488.274043
770.0,2817,43499.953766
575.0,3189,43513.325893
1145.0,7087,43542.691587
800.0,3563,43557.397531
540.0,3564,43572.013559
515.0,3532,43586.461508
575.0,3625,43602.678469
805.0,3925,43619.050013
545.0,3312,43633.73207
600.0,3719,43649.598654
540.0,3469,43664.127701
1305.0,6849,43692.807155
1120.0,6339,43723.384016
490.0,3943,43741.714417
1680.0,8749,43779.455006
1230.0,7327,43809.986323
570.0,3248,43823.301742
575.0,3745,43838.678669
545.0,2981,43851.134447
600.0,3957,43867.596309
570.0,4013,43883.863909
600.0,3883,43899.684906
545.0,3729,43915.133653
1000.0,3713,43930.761181
545.0,2883,43942.448382
575.0,3384,43956.459738
600.0,3375,43972.728708
545.0,3372,43986.945576
570.0,3815,44003.117932
600.0,3661,44018.417173
605.0,3685,44033.790234
490.0,3613,44048.596192
745.0,3473,44062.874163
605.0,4137,44080.690458
510.0,3669,44096.708291
600.0,3331,44111.649624
600.0,3537,44126.589849
1345.0,7385,44158.640466
720.0,3371,44172.436556
570.0,3273,44185.919391
600.0,3301,44199.508374
1100.0,6673,44227.045484
545.0,3450,44241.311127
570.0,3899,44257.532955
1170.0,7549,44290.062507
570.0,3295,44303.617633
525.0,3407,44318.125414
570.0,2938,44331.652849
805.0,3497,44346.363665
600.0,3663,44361.379552
1430.0,7139,44411.692935
570.0,2995,44424.059078
600.0,3437,44438.114668
605.0,3173,44451.459252
800.0,3477,44465.786598
545.0,3721,44481.039221
540.0,3137,44493.966493
520.0,3579,44509.572813
600.0,3823,44525.573345
600.0,3429,44539.677544
535.0,2723,44550.894152
770.0,3216,44564.119877
805.0,2973,44576.452416
550.0,3496,44591.269859
745.0,3101,44604.120154
1100.0,6903,44633.036902
770.0,4231,44651.072065
575.0,3483,44665.660044
1280.0,6659,44695.476559
1150.0,7163,44725.589619
1325.0,7673,44757.779108
600.0,3605,44772.661878
540.0,3479,44787.061855
415.0,2685,44798.230257
1170.0,6413,44824.985174
1310.0,7273,44854.996708
1180.0,6613,44883.957332
520.0,3349,44897.718123
600.0,3561,44912.766412
570.0,3469,44927.138733
655.0,2847,44938.654648
970.0,3137,44951.570063
550.0,2832,44963.65566
545.0,3267,44979.39457
570.0,3275,44993.710304
920.0,6133,45019.046888
760.0,4112,45036.087243
515.0,4050,45054.348475
390.0,3327,45068.036188
405.0,2897,45079.98134
1210.0,6629,45107.600106
800.0,4667,45127.024991
600.0,4087,45143.887669
540.0,3308,45157.381133
540.0,3912,45173.510112
545.0,3555,45188.374584
605.0,3521,45202.898589
550.0,3369,45216.714196
835.0,5433,45240.338388
570.0,3321,45254.159804
730.0,4553,45273.20537
570.0,3934,45289.404004
545.0,3052,45302.004641
1180.0,6713,45329.718879
570.0,3834,45345.534189
1155.0,6084,45370.932033
600.0,3825,45386.749841
1320.0,6775,45415.466933
600.0,4263,45433.043866
545.0,2939,45445.363768
575.0,3066,45457.980205
665.0,3037,45470.328251
575.0,3251,45483.700351
570.0,3633,45498.676462
1260.0,7179,45528.31
570.0,3436,45542.401424
2195.0,9208,45580.294903
1170.0,8459,45616.178161
600.0,3401,45630.420382
1205.0,6351,45656.574692
925.0,5579,45679.532118
745.0,4464,45698.105297
600.0,3783,45714.016748
405.0,2965,45726.254618
600.0,3455,45740.435531
570.0,4465,45758.738632
935.0,5256,45784.140414
770.0,3277,45799.620098
570.0,3785,45815.979344
600.0,3153,45829.111264
1745.0,6397,45856.510256
545.0,3121,45869.81382
670.0,3671,45884.88427
550.0,4364,45904.248608
580.0,3439,45918.589942
570.0,4173,45935.990244
575.0,3472,45950.655574
540.0,3421,45966.417633
600.0,3953,45983.089931
570.0,3568,45997.652669
600.0,4019,46014.07463
550.0,3542,46029.12269
575.0,3045,46041.891854
585.0,3679,46057.333084
600.0,4169,46074.526759
1175.0,6350,46128.979268
605.0,4961,46151.123431
600.0,3409,46165.177943
600.0,3195,46178.210182
540.0,3772,46193.557682
575.0,3752,46208.943847
1200.0,6941,46238.107568
570.0,3443,46252.388616
605.0,2993,46264.579376
1130.0,7211,46294.120006
570.0,2967,46306.286772
750.0,3101,46320.419556
1430.0,6665,46348.601366
1310.0,6405,46374.953742
775.0,3107,46387.797841
465.0,3161,46401.36625
545.0,3421,46415.464706
1320.0,7361,46446.046191
1265.0,6081,46471.253838
575.0,2839,46483.152663
495.0,3661,46499.535125
800.0,3727,46515.610118
600.0,3299,46529.293701
570.0,3052,46541.853181
605.0,3837,46557.493131
1060.0,5787,46582.174716
600.0,2869,46594.156955
600.0,3297,46607.734076
905.0,5675,46631.164277
495.0,3089,46643.784182
570.0,3237,46657.702187
575.0,3616,46672.517174
1185.0,7015,46702.767668
600.0,3355,46716.482682
540.0,3977,46732.746564
550.0,2917,46745.214335
570.0,3925,46761.156389
980.0,6149,46786.698492
600.0,4275,46805.394104
1340.0,6293,46831.260426
605.0,3117,46844.126784
1120.0,6843,46873.929842
630.0,3713,46889.308796
600.0,3517,46904.34259
575.0,2860,46916.195843
555.0,3730,46931.468304
540.0,3531,46945.881166
605.0,3379,46959.73639
485.0,2793,46972.719876
600.0,3965,46989.488902
745.0,3269,47006.067773
780.0,4481,47028.774188
975.0,3715,47046.832657
510.0,2849,47058.681151
605.0,3179,47071.921257
575.0,3903,47088.448162
1230.0,6663,47116.987334
570.0,3243,47130.31271
740.0,2853,47142.233157
1295.0,6581,47169.540083
770.0,3685,47185.426279
540.0,3137,47198.50933
570.0,2746,47209.861273
575.0,3273,47224.689621
925.0,5685,47248.826621
1275.0,7069,47278.169285
570.0,3194,47292.068031
605.0,3681,47307.015716
1320.0,7271,47337.000166
860.0,5755,47360.932272
1150.0,6969,47390.382075
515.0,3693,47406.930031
575.0,3304,47420.768002
1045.0,6523,47448.607987
570.0,3344,47462.524995
600.0,3417,47476.663769
1040.0,6239,47502.391447
570.0,3929,47518.507059
550.0,2783,47530.305991
550.0,3002,47542.935752
575.0,2775,47554.487904
575.0,3206,47568.154432
575.0,2853,47580.021302
545.0,3052,47594.036447
1285.0,6315,47620.120832
525.0,3484,47635.300666
570.0,3521,47650.485543
1150.0,7057,47680.320728
515.0,3905,47697.326657
600.0,3469,47712.035346
575.0,3578,47726.735561
540.0,2945,47738.915479
545.0,2860,47750.845679
875.0,5089,47773.150412
600.0,3315,47786.955168
745.0,3768,47802.94106
540.0,3258,47816.418576
520.0,3449,47853.474819
495.0,3425,47867.555087
1340.0,5907,47892.714166
1125.0,6133,47917.919002
600.0,3233,47931.233835
570.0,3158,47944.18861
605.0,3579,47960.820993
1375.0,7159,47990.378738
570.0,3795,48005.814043
600.0,3513,48020.230188
570.0,3280,48033.96185
600.0,3801,48050.077785
1095.0,6607,48077.192277
555.0,3131,48090.057634
525.0,3029,48104.658711
1075.0,6326,48137.469215
1305.0,6371,48168.404176
600.0,4027,48185.203281
1515.0,7665,48217.277499
575.0,2718,48228.718394
540.0,3695,48245.148943
1220.0,6145,48270.905178
925.0,3358,48284.810318
1300.0,6507,48314.701459
980.0,5439,48338.261506
575.0,2931,48350.438473
1165.0,6743,48378.27686
800.0,3209,48391.491781
605.0,3197,48404.556894
1135.0,5933,48430.006334
775.0,3207,48443.288828
800.0,3571,48457.972881
605.0,3077,48471.754151
540.0,3116,48485.639161
600.0,3381,48500.889078
570.0,2810,48513.085398
600.0,3093,48526.124336
570.0,3333,48539.845131
1320.0,6843,48568.582675
600.0,3425,48582.853876
600.0,3387,48597.850542
575.0,3155,48613.433873
1105.0,6661,48641.24075
570.0,3060,48654.046019
605.0,3543,48668.668227
1405.0,6921,48699.191522
600.0,3703,48714.346147
600.0,3581,48728.988549
570.0,3038,48741.506613
745.0,2931,48754.33929
600.0,3289,48767.753464
600.0,3313,48781.411341
540.0,3109,48794.186847
440.0,3183,48807.245107
580.0,2914,48819.323322
1320.0,6551,48847.518785
800.0,3151,48862.499807
1040.0,6511,48889.500112
905.0,6391,48916.346609
1130.0,6331,48943.438432
600.0,2929,48955.49374
600.0,3123,48968.46286
750.0,3143,48981.338673
800.0,3853,48997.145458
600.0,3783,49013.256062
560.0,3130,49026.179938
600.0,3803,49043.372808
545.0,2917,49055.52357
800.0,3433,49069.654132
515.0,3137,49082.754165
600.0,3437,49096.920224
460.0,3527,49111.86977
540.0,3052,49124.666101
600.0,3839,49140.377807
600.0,3489,49154.716795
740.0,3155,49167.749503
1350.0,6896,49196.699834
1100.0,6183,49224.44753
570.0,3733,49239.96742
545.0,3339,49253.710215
395.0,2943,49266.658974
545.0,3695,49281.798801
600.0,3567,49296.873471
1350.0,6411,49323.490208
545.0,2988,49337.131674
770.0,3273,49350.664986
1375.0,7095,49380.97432
570.0,3713,49397.608603
545.0,2554,49409.100623
805.0,3353,49422.953787
725.0,3001,49436.393358
600.0,3485,49450.81658
670.0,3263,49466.870086
545.0,2998,49480.247504
485.0,3295,49494.146411
570.0,3210,49509.296834
800.0,3547,49523.844829
540.0,3448,49538.061426
545.0,3697,49553.456414
545.0,3761,49590.291607
545.0,3121,49604.046912
600.0,2645,49614.736575
1175.0,7150,49644.456022
545.0,3045,49657.28267
605.0,3603,49672.040206
540.0,3857,49688.551727
600.0,3257,49701.868991
1095.0,7051,49731.199083
1010.0,6377,49758.555623
600.0,2993,49772.056988
600.0,3065,49784.902392
545.0,3849,49801.46863
605.0,3585,49816.307073
1125.0,7331,49846.895732
520.0,3591,49861.586308
600.0,3241,49875.64462
540.0,2924,49887.777046
575.0,3557,49902.802662
600.0,3461,49917.204533
570.0,4027,49933.790221
575.0,3685,49950.723205
600.0,3749,49966.585592
745.0,3365,49980.689857
540.0,3024,49993.841829
540.0,4310,50011.568291
805.0,3009,50024.167559
800.0,3861,50039.941696
570.0,3017,50052.388997
805.0,3097,50065.052659
600.0,3373,50081.088915
1130.0,6365,50108.374049
870.0,3861,50125.657085
600.0,3525,50140.249447
575.0,3820,50156.025634
800.0,3795,50172.258247
715.0,3003,50184.524781
520.0,3736,50199.891396
695.0,3631,50214.861628
600.0,3825,50231.348514
550.0,3546,50245.966464
540.0,3418,50260.137968
570.0,3486,50274.707393
545.0,3173,50287.806406
1495.0,7235,50319.925535
570.0,2753,50331.364397
540.0,3641,50346.353215
480.0,3323,50360.015424
600.0,3675,50376.130165
600.0,3425,50390.379602
570.0,3651,50405.80878
600.0,3913,50421.9824
600.0,3473,50436.401126
600.0,3039,50448.988122
570.0,3123,50461.942703
575.0,2860,50474.674153
1085.0,6315,50502.238973
605.0,3101,50515.164828
545.0,3509,50529.599677
540.0,2832,50541.277022
605.0,3175,50555.092252
600.0,3521,50569.623808
770.0,2874,50581.635059
600.0,3907,50597.721105
800.0,4361,50616.441229
600.0,3021,50629.105212
570.0,3712,50644.330625
575.0,2811,50655.947918
600.0,3925,50673.496456
605.0,3651,50689.646759
600.0,3657,50706.611698
600.0,3531,50721.327334
830.0,5111,50742.555147
545.0,3453,50757.500285
1080.0,6545,50784.773586
515.0,3393,50798.815594
600.0,3475,50813.10419
800.0,3401,50827.856085
1000.0,3473,50842.189639
1105.0,6245,50869.594792
600.0,4229,50887.20462
775.0,3498,50902.026636
1430.0,6437,50928.836096
600.0,4199,50946.113135
800.0,3853,50961.965782
740.0,3852,50978.561708
605.0,3361,50992.49347
570.0,3673,51007.613844
545.0,3161,51020.493178
540.0,2689,51033.127022
1020.0,6327,51059.624482
1000.0,3879,51075.756751
600.0,3825,51091.875934
960.0,5817,51116.286597
800.0,4037,51133.643184
600.0,2889,51145.619737
675.0,4049,51162.834845
575.0,3073,51175.723102
895.0,5533,51198.430722
520.0,2954,51211.630976
585.0,2974,51224.585127
545.0,3191,51237.715165
600.0,2993,51250.010197
600.0,3369,51263.76264
600.0,3401,51278.209808
600.0,3197,51292.234395
570.0,3171,51330.508752
870.0,5865,51354.94393
715.0,3281,51368.695149
1285.0,6345,51396.721357
1210.0,7350,51427.370971
545.0,2761,51438.729494
570.0,3102,51451.545156
570.0,3106,51464.467773
545.0,3088,51477.220712
540.0,3541,51492.355955
520.0,3829,51508.108898
570.0,3722,51523.627928
600.0,3173,51536.798812
510.0,3311,51550.6775
600.0,3117,51564.031579
1205.0,7269,51595.476876
745.0,3473,51609.764105
600.0,3461,51624.258515
605.0,3371,51638.869274
750.0,3244,51652.269754
600.0,3061,51664.899487
575.0,3145,51677.975632
600.0,3515,51692.769795
545.0,2961,51706.934265
545.0,3135,51721.868876
570.0,3152,51735.550673
775.0,3331,51749.228509
1000.0,4283,51768.573166
605.0,3397,51782.646669
600.0,4033,51799.725219
540.0,2953,51812.02443
495.0,3611,51826.861426
545.0,3493,51841.32637
600.0,3225,51855.028474
570.0,3244,51868.549391
570.0,2654,51879.443895
800.0,3829,51897.045434
605.0,3085,51909.990298
1035.0,5203,51932.856076
500.0,3355,51947.872739
520.0,3225,51961.89033
575.0,3449,51976.804729
570.0,2953,51990.083024
1345.0,7383,52024.600793
545.0,2891,52038.426948
540.0,2938,52057.174015
570.0,3163,52074.824571
575.0,3583,52090.713987
600.0,4123,52107.761598
545.0,2960,52121.512126
600.0,3745,52137.627281
1220.0,5821,52161.677045
1515.0,6577,52189.577694
550.0,3238,52203.407923
520.0,3243,52216.802911
555.0,2803,52229.119761
600.0,2913,52242.593348
515.0,3459,52257.658955
570.0,4165,52274.696008
770.0,3095,52287.407833
570.0,3662,52304.60031
1330.0,6831,52332.80121
585.0,3344,52346.471223
575.0,2967,52358.666703
570.0,3580,52373.806491
550.0,3402,52388.619214
600.0,3819,52404.189054
800.0,2821,52415.941755
805.0,3435,52430.099177
575.0,3329,52443.757265
575.0,2462,52454.656655
1285.0,6891,52484.539389
570.0,3457,52498.875166
575.0,3899,52514.894837
290.0,2507,52525.913674
600.0,3175,52539.837971
600.0,3343,52553.535081
515.0,3235,52566.886811
1420.0,7775,52599.573982
575.0,3085,52612.311597
545.0,3373,52626.108784
540.0,3531,52640.632576
575.0,2583,52651.303398
575.0,3181,52666.347092
1320.0,6821,52694.694622
570.0,3512,52709.224241
540.0,3609,52724.025501
575.0,3528,52738.756838
575.0,3031,52751.665626
575.0,3265,52765.062251
570.0,3793,52780.590457
805.0,3137,52793.532205
600.0,3201,52806.651171
690.0,2915,52819.190392
600.0,3861,52835.288157
550.0,2611,52847.771223
610.0,2993,52860.214964
540.0,3442,52874.269757
575.0,3045,52886.934238
540.0,3576,52902.74937
575.0,3933,52918.81558
545.0,4911,52938.935869
520.0,3087,52951.712729
600.0,3541,52966.866253
600.0,3301,52981.298408
520.0,3247,52994.867321
540.0,3465,53009.276437
575.0,2810,53021.532375
570.0,3437,53036.997185
775.0,3145,53074.808334
1205.0,5527,53098.728256
220.0,1929,53106.675792
600.0,3229,53120.753933
775.0,3059,53133.801481
650.0,4069,53151.158243
1520.0,6647,53181.400379
1205.0,6493,53210.114639
550.0,3579,53225.192637
575.0,2853,53237.116038
575.0,3379,53251.209228
600.0,3357,53265.461092
600.0,3265,53279.991309
775.0,3457,53294.422956
570.0,3257,53307.793856
800.0,3273,53321.340854
1205.0,6751,53349.441155
1285.0,7897,53383.906179
575.0,3023,53397.419245
575.0,3031,53410.086612
575.0,3308,53423.764672
600.0,3301,53437.685814
575.0,3174,53451.317704
600.0,3353,53465.317063
1120.0,5281,53487.391537
1200.0,7508,53518.578725
570.0,4047,53535.39448
555.0,3851,53552.128435
515.0,2945,53564.884507
325.0,2337,53575.394094
570.0,4523,53594.441913
600.0,3703,53610.021792
600.0,4055,53626.722549
665.0,3831,53642.589757
800.0,3381,53656.434844
570.0,3545,53671.694931
1205.0,6471,53698.253177
740.0,3546,53712.955462
510.0,3697,53728.370377
600.0,3265,53742.963435
1140.0,5769,53768.589597
570.0,2789,53780.058788
580.0,3606,53794.873565
635.0,4001,53811.818077
600.0,3981,53828.261604
555.0,3137,53841.123174
605.0,3051,53853.666834
570.0,3126,53867.534564
600.0,3009,53880.108934
505.0,3381,53894.091254
600.0,3573,53908.828979
635.0,3129,53922.443304
570.0,3102,53936.954304
940.0,4479,53955.337736
570.0,4168,53972.81533
800.0,3113,53985.759965
1120.0,7713,54019.087404
600.0,3857,54035.112207
600.0,3421,54049.197216
600.0,2853,54061.014847
600.0,3663,54076.730484
600.0,3305,54090.539294
570.0,3408,54104.717583
570.0,3742,54121.883974
880.0,5805,54145.962541
700.0,3807,54162.075392
600.0,3633,54177.124696
1130.0,6791,54205.108547
575.0,3218,54218.372113
1000.0,5668,54242.410603
1120.0,5636,54266.160973
545.0,3637,54281.134467
550.0,3286,54296.20575
570.0,3422,54310.471024
600.0,3153,54323.549306
720.0,3093,54337.224922
600.0,3733,54352.856639
570.0,3567,54367.673886
600.0,3349,54381.425108
570.0,3078,54394.161628
800.0,3485,54409.510287
605.0,4159,54426.659846
1050.0,6765,54454.87403
775.0,3244,54468.195788
540.0,3797,54485.423564
575.0,3152,54499.148157
800.0,3637,54514.111955
1000.0,4159,54531.121819
540.0,3613,54546.053944
575.0,3225,54559.4019
980.0,5873,54584.183931
555.0,3797,54599.997512
520.0,3318,54613.720167
645.0,4001,54630.947042
1200.0,6257,54658.429306
575.0,2711,54669.732329
575.0,3064,54682.100306
630.0,4241,54700.026273
550.0,3970,54716.359378
570.0,3393,54730.210769
570.0,2640,54741.001178
600.0,3327,54754.698683
745.0,3531,54769.739015
285.0,2455,54802.127587
1135.0,5309,54825.05767
500.0,3643,54841.515347
1260.0,5223,54862.983347
600.0,3811,54879.311319
570.0,3294,54893.084774
800.0,3357,54908.291846
570.0,3088,54920.953172
600.0,3419,54935.197582
770.0,3815,54951.222723
600.0,3421,54965.528235
570.0,3521,54980.160279
570.0,3803,54996.51019
605.0,3779,55012.392931
550.0,2903,55025.841903
605.0,3209,55039.139244
1205.0,6635,55066.801605
605.0,3991,55083.867767
600.0,3345,55097.670265
340.0,2284,55107.078269
605.0,2933,55119.25289
335.0,2199,55128.707947
605.0,3185,55142.003086
610.0,3421,55156.910365
600.0,3829,55172.816029
575.0,3509,55187.259833
600.0,3507,55203.307811
775.0,3819,55219.60012
580.0,2874,55231.431798
465.0,3639,55246.34896
1210.0,8276,55280.575267
485.0,3377,55295.281169
545.0,2782,55306.803221
515.0,3367,55320.638112
600.0,3761,55336.088258
600.0,3529,55350.835635
800.0,3473,55365.287478
800.0,3755,55382.851675
600.0,3825,55398.744884
600.0,2977,55411.085042
1200.0,7871,55443.818392
600.0,3349,55458.182096
600.0,3453,55472.480498
600.0,3703,55487.713897
515.0,3930,55505.361604
600.0,3519,55519.960657
600.0,3781,55536.310605
600.0,3721,55552.025179
575.0,3351,55567.435158
685.0,2881,55579.263603
605.0,3591,55594.13053
430.0,3003,55606.974969
570.0,3777,55622.426292
545.0,2967,55634.754138
570.0,3387,55648.585342
600.0,3281,55663.186763
740.0,4231,55681.351975
830.0,4171,55698.796332
955.0,6257,55724.766102
1155.0,6309,55752.480184
570.0,3765,55769.120861
540.0,3793,55784.968431
600.0,3303,55799.081008
1225.0,6221,55825.565228
1275.0,6583,55852.759988
770.0,4097,55871.173736
605.0,3073,55885.265332
430.0,2639,55896.160208
600.0,3425,55911.829493
880.0,5427,55936.105081
800.0,3727,55951.390843
545.0,3179,55965.250875
540.0,3457,55979.528026
805.0,3561,55994.384754
600.0,3293,56007.882599
575.0,3555,56022.538327
600.0,3053,56035.230409
1130.0,7013,56065.380425
970.0,3145,56078.577128
600.0,3393,56092.616289
1145.0,6927,56122.842546
555.0,3211,56136.824513
1150.0,6948,56166.74358
785.0,4813,56186.683926
1305.0,7429,56218.242717
600.0,3539,56233.0637
545.0,2953,56245.302484
600.0,3029,56257.921715
600.0,3221,56271.048529
800.0,3085,56284.609958
800.0,3933,56301.612907
545.0,3287,56315.986712
195.0,1609,56322.578516
1130.0,6043,56347.663396
770.0,3657,56362.811466
770.0,3734,56378.373956
1865.0,8979,56416.260626
1500.0,8165,56450.077382
905.0,5963,56476.333539
745.0,3557,56490.951931
575.0,3027,56504.565673
1085.0,6993,56559.03831
515.0,3729,56575.03458
330.0,2451,56585.831812
605.0,3395,56600.751915
575.0,3622,56615.815668
970.0,3259,56629.317078
545.0,2799,56641.012785
435.0,2911,56654.509619
540.0,3517,56670.269475
1325.0,6477,56697.150779
540.0,3418,56711.59466
545.0,2725,56722.775844
575.0,3915,56738.81178
600.0,3681,56754.562809
600.0,3701,56770.993092
600.0,3671,56786.306314
1355.0,5893,56811.050778
575.0,3339,56825.329904
570.0,3500,56841.232378
1285.0,6605,56868.903316
600.0,3205,56882.201949
1155.0,7839,56914.545197
570.0,3904,56931.301532
1605.0,6345,56957.658856
600.0,3477,56972.191325
1260.0,6619,56999.491798
600.0,3331,57014.639253
600.0,3159,57028.086244
580.0,2746,57039.337141
600.0,3455,57053.61878
570.0,3790,57068.986347
800.0,3481,57083.096012
600.0,3637,57098.58806
600.0,3611,57113.400621
770.0,3593,57128.159857
800.0,3605,57142.797783
970.0,5909,57167.046379
600.0,3505,57182.08444
600.0,3753,57198.829564
600.0,3353,57212.559949
1225.0,5093,57233.443029
540.0,3703,57249.14766
830.0,3207,57261.99298
915.0,4567,57280.795274
570.0,3461,57294.920616
575.0,3302,57309.020998
1205.0,6584,57336.053549
605.0,2999,57348.253001
955.0,5055,57369.671204
1215.0,5297,57392.437685
600.0,3447,57406.62395
600.0,3557,57421.348651
1175.0,6968,57449.912627
1315.0,5627,57473.928056
605.0,3447,57487.964147
570.0,3447,57502.042243
600.0,3577,57516.839998
800.0,3373,57530.641568
600.0,3395,57545.046901
1185.0,6537,57573.627848
570.0,3381,57587.488592
895.0,6281,57613.679667
750.0,3365,57628.08623
545.0,3267,57641.375513
545.0,3801,57656.817037
1450.0,6731,57684.746495
600.0,3833,57701.0806
570.0,3415,57715.331088
570.0,3088,57728.080766
1405.0,7011,57758.250893
575.0,2975,57770.393173
1120.0,5993,57795.536532
570.0,3663,57810.531148
605.0,3547,57824.954865
545.0,3024,57837.354922
800.0,3643,57852.763969
600.0,3907,57868.867842
430.0,3353,57882.605984
600.0,3441,57896.558478
1165.0,5347,57920.682462
490.0,3105,57933.468321
600.0,3101,57946.116537
570.0,3329,57959.799293
605.0,3537,57974.280743
545.0,2682,57986.032501
525.0,2945,57998.268456
605.0,3409,58012.20676
600.0,3253,58025.512186
600.0,3151,58038.4237
600.0,3839,58054.942681
600.0,3069,58067.47605
810.0,3437,58081.571674
500.0,3559,58096.915765
600.0,3333,58111.248461
1305.0,5945,58135.907272
805.0,2935,58147.939475
600.0,3179,58161.003665
600.0,2885,58172.820271
550.0,2803,58185.075799
785.0,5459,58207.693538
600.0,3149,58220.55329
610.0,3097,58260.651177
775.0,3943,58277.288212
570.0,3337,58291.966792
750.0,3871,58307.65664
1300.0,6687,58334.844038
545.0,3286,58348.359373
570.0,4096,58365.626892
570.0,3435,58379.724597
1055.0,6733,58407.894219
1200.0,6427,58434.421492
545.0,3273,58448.476248
605.0,3699,58465.050993
600.0,3009,58477.902062
540.0,3181,58491.168505
780.0,3109,58504.453824
575.0,3459,58518.756574
570.0,3608,58534.481356
600.0,3689,58549.647796
540.0,2981,58562.074524
940.0,5202,58583.777628
1090.0,5711,58608.708525
600.0,3709,58624.14183
575.0,2995,58637.573393
540.0,3759,58654.518591
605.0,3765,58669.994988
970.0,3214,58683.239695
515.0,3551,58698.222362
1045.0,6189,58724.104245
540.0,3301,58737.728783
1095.0,7241,58767.684959
570.0,3137,58780.478809
1140.0,7693,58812.633223
570.0,3979,58830.464698
605.0,3731,58845.812004
600.0,3321,58859.464392
600.0,3297,58873.612055
545.0,2958,58885.72657
600.0,4253,58903.077372
1100.0,5083,58923.857918
800.0,2657,58934.703877
600.0,2609,58946.124589
710.0,4171,58963.272342
500.0,2945,58975.22046
600.0,2601,58985.953144
540.0,3702,59001.637103
600.0,3547,59017.685303
605.0,3033,59030.268939
1475.0,9559,59070.114205
1285.0,7053,59100.647726
880.0,5133,59122.530957
1180.0,7129,59151.811209
545.0,2881,59163.665928
570.0,3858,59179.31483
490.0,3057,59193.304057
600.0,3513,59208.379198
570.0,3150,59221.344406
545.0,2816,59232.83797
745.0,3408,59246.805319
1255.0,6129,59272.483105
600.0,2937,59284.670623
600.0,3329,59298.295174
575.0,3439,59312.307823
515.0,3629,59327.152316
1235.0,6623,59355.221614
945.0,5627,59380.048592
775.0,3457,59394.314598
545.0,2654,59405.510401
545.0,3742,59420.962753
520.0,3787,59436.349333
1145.0,6656,59464.361352
545.0,3000,59476.465967
695.0,3065,59489.126653
720.0,3349,59504.293649
600.0,3959,59522.01023
600.0,3579,59536.936363
545.0,3698,59553.554148
500.0,3605,59568.358434
465.0,3155,59581.87353
570.0,2924,59593.802178
1375.0,5783,59617.60071
570.0,4323,59635.199838
600.0,3751,59650.451434
600.0,3747,59665.831609
600.0,3465,59680.030459
545.0,3024,59692.979835
1355.0,7593,59724.058048
600.0,3657,59740.534433
720.0,4076,59757.153319
1350.0,6420,59783.395975
545.0,3184,59796.857855
540.0,2981,59809.400598
630.0,3593,59824.205199
540.0,4325,59841.937315
720.0,3563,59856.630785
1050.0,6413,59883.696644
1350.0,8593,59920.58679
1145.0,7349,59973.208155
600.0,3017,59986.048821
580.0,3385,60000.817846
720.0,3265,60014.276263
1130.0,5455,60040.651275
1170.0,6571,60074.1556
800.0,3397,60094.444603
1320.0,6427,60123.437539
385.0,2509,60133.603317
945.0,5163,60155.335224
665.0,3723,60170.765782
745.0,2995,60183.957766
570.0,3139,60196.951107
560.0,3435,60211.131973
830.0,3923,60228.057478
570.0,3308,60241.781243
1175.0,6393,60268.64055
600.0,2793,60281.820637
600.0,3413,60295.981853
2085.0,10115,60337.988939
570.0,3146,60351.28157
575.0,3222,60364.606202
540.0,3187,60377.785081
525.0,2656,60388.754036
780.0,3088,60401.837525
600.0,3867,60418.052406
970.0,3999,60435.156727
600.0,3361,60449.070694
545.0,3166,60463.720199
1025.0,6175,60488.86571
570.0,3367,60502.714776
1085.0,6173,60528.636333
605.0,3037,60541.029014
340.0,2307,60550.381685
570.0,3102,60563.094484
490.0,3259,60576.7355
775.0,3950,60592.896729
1460.0,6795,60620.822596
550.0,3076,60634.006695
545.0,3244,60648.127695
600.0,2693,60659.071045
600.0,3393,60673.355963
1000.0,3973,60689.487094
545.0,3736,60704.890209
1070.0,5963,60729.132886
600.0,3125,60742.301058
545.0,3362,60756.016368
630.0,3863,60771.697705
575.0,4635,60790.548442
600.0,2917,60802.363899
1180.0,6445,60831.061997
495.0,3043,60843.410399
800.0,3733,60858.543477
575.0,3230,60871.824667
515.0,3962,60888.344286
755.0,3056,60900.866248
570.0,3401,60914.708936
600.0,4143,60931.701792
515.0,2935,60944.20547
545.0,3209,60957.29826
545.0,3002,60969.503502
1170.0,7170,61000.192491
570.0,2985,61013.523118
1280.0,5819,61038.3658
600.0,3301,61051.947758
600.0,3479,61066.564042
600.0,3257,61080.045806
575.0,3509,61094.503408
875.0,4909,61115.361744
560.0,3400,61129.791603
575.0,3130,61142.711162
515.0,2998,61154.957544
1080.0,4993,61175.959952
910.0,5957,61202.655391
600.0,3195,61215.674272
1175.0,6074,61240.570702
1095.0,6517,61268.102666
710.0,4089,61284.788839
1670.0,7499,61316.795022
985.0,5611,61340.352345
1145.0,6901,61371.282809
465.0,3919,61387.602073
1230.0,6669,61415.150095
600.0,3379,61429.725925
600.0,3697,61444.996512
545.0,2967,61457.173499
715.0,3613,61472.041204
610.0,2917,61484.223627
875.0,5597,61507.826798
600.0,3189,61521.064494
600.0,3169,61534.186231
1045.0,6373,61562.029097
575.0,3483,61576.232647
715.0,3179,61589.79908
545.0,3072,61602.53247
490.0,3617,61617.998188
1030.0,5827,61642.445676
1050.0,7117,61672.646231
600.0,3633,61707.52447
520.0,3785,61724.359857
600.0,3265,61737.857853
1180.0,5987,61762.820354
480.0,3033,61775.177633
600.0,3395,61789.069234
1205.0,7535,61819.753019
780.0,2836,61831.284486
600.0,3201,61844.924977
600.0,2997,61857.210361
800.0,2829,61868.733398
630.0,3445,61882.740524
1075.0,6039,61908.869153
600.0,3887,61925.213517
570.0,2469,61935.37797
600.0,3287,61948.744179
435.0,2663,61959.644824
520.0,3035,61972.576251
575.0,2580,61983.025755
605.0,2945,61995.127874
1345.0,6315,62020.979521
575.0,2881,62032.793509
570.0,3656,62048.19327
550.0,3045,62060.590453
610.0,3279,62074.402695
545.0,3187,62088.80319
800.0,3293,62102.838805
605.0,3269,62116.442671
540.0,3533,62131.766546
1175.0,4983,62152.336047
545.0,2832,62163.952998
600.0,3707,62179.175214
600.0,3469,62194.251433
485.0,3301,62208.260844
575.0,3743,62223.999205
570.0,2711,62235.221766
600.0,3585,62250.166125
600.0,2853,62262.642263
515.0,3168,62277.240125
600.0,3287,62290.796659
605.0,3125,62303.639829
575.0,3265,62316.9394
770.0,3293,62330.555646
575.0,2761,62342.456328
570.0,2889,62354.305478
770.0,3276,62367.791904
605.0,2807,62379.289665
600.0,3431,62393.419388
525.0,2848,62405.73427
575.0,2803,62417.338865
1585.0,6860,62446.411113
575.0,3728,62462.819693
605.0,3201,62475.905697
570.0,3145,62489.495861
770.0,3453,62503.896648
955.0,5843,62527.821974
1385.0,5633,62551.863791
570.0,3267,62565.274663
1180.0,5723,62588.708847
800.0,4121,62605.427656
715.0,3381,62620.026069
605.0,2857,62633.287489
800.0,5231,62654.842668
600.0,3527,62669.419356
715.0,2815,62681.701449
600.0,3571,62697.686931
600.0,3523,62712.682616
575.0,3466,62726.764344
800.0,2813,62738.797386
600.0,3353,62753.045563
545.0,2978,62765.34233
1405.0,7057,62794.474983
570.0,2675,62805.5436
605.0,3069,62819.859628
600.0,3313,62834.278694
730.0,3157,62848.148683
600.0,3641,62863.089545
1400.0,7041,62892.106556
745.0,2994,62904.569001
265.0,1893,62912.836203
570.0,3351,62926.53178
800.0,3825,62942.268771
545.0,3320,62955.850708
1150.0,6317,62982.765763
570.0,3625,62999.514031
600.0,2871,63011.797605
555.0,2739,63023.064449
600.0,3245,63036.258221
495.0,3057,63048.787204
715.0,2784,63060.878803
575.0,3057,63073.538942
600.0,3389,63087.374771
575.0,2988,63099.676742
600.0,3625,63114.759207
570.0,3201,63128.222075
515.0,3813,63146.372563
570.0,2967,63158.739693
775.0,3317,63173.075346
600.0,4093,63190.53387
520.0,3333,63204.654881
435.0,2759,63215.868572
400.0,3170,63228.732856
540.0,3122,63241.686514
515.0,3168,63254.972171
530.0,3555,63269.79144
570.0,2668,63280.683026
605.0,3245,63294.06056
575.0,3214,63307.230008
600.0,2845,63319.305688
835.0,4697,63338.555123
520.0,3477,63353.627559
600.0,3157,63367.327196
965.0,6033,63393.098523
600.0,3161,63430.0502
1320.0,7073,63459.621468
605.0,3451,63473.685724
1605.0,6782,63502.334508
555.0,2912,63514.509178
545.0,2689,63525.495421
495.0,3971,63543.283298
575.0,3829,63559.354038
600.0,3751,63574.697911
600.0,3607,63589.445101
805.0,2965,63601.446734
545.0,3249,63614.757045
570.0,3242,63628.566796
600.0,3393,63642.579773
570.0,3477,63656.910037
550.0,3538,63671.357291
550.0,2995,63683.594805
545.0,3587,63699.298188
740.0,4591,63719.439006
545.0,2995,63732.03788
570.0,2910,63743.968058
570.0,2798,63755.537529
975.0,3762,63771.41764
605.0,2745,63783.533044
600.0,3909,63799.564723
575.0,3364,63813.183562
955.0,3069,63825.938312
1575.0,7158,63855.847934
1315.0,6227,63881.746494
600.0,3875,63898.595223
1215.0,4903,63920.380739
805.0,3505,63934.699828
600.0,3013,63947.056172
545.0,2938,63959.027377
575.0,3187,63972.577193
830.0,5157,63993.554679
605.0,3707,64009.437681
1590.0,8305,64044.390969
570.0,3038,64057.101715
575.0,3614,64071.935151
1130.0,6485,64100.661468
545.0,2604,64111.272503
1130.0,6595,64138.380074
1325.0,6465,64164.812732
800.0,3747,64180.790086
1020.0,5731,64204.312736
1100.0,6455,64230.829865
545.0,3355,64244.521281
515.0,3104,64258.345598
630.0,4781,64279.439012
600.0,3905,64295.370868
955.0,6089,64320.33775
790.0,5361,64342.859228
1600.0,6682,64370.000437
825.0,5143,64391.086973
545.0,3802,64406.449409
540.0,3031,64419.596795
920.0,5065,64441.279504
600.0,3533,64456.42838
1145.0,6187,64481.684869
550.0,2945,64493.632989
575.0,3043,64506.228418
575.0,2554,64517.157457
1265.0,6827,64544.998188
1150.0,6281,64570.738405
1020.0,5373,64592.670791
1125.0,5287,64614.852052
720.0,3307,64629.808412
575.0,3009,64642.05562
980.0,6097,64668.195723
1135.0,6607,64695.531946
515.0,2817,64707.793474
805.0,3313,64721.49435
570.0,3230,64734.874062
600.0,3089,64747.461476
570.0,3308,64760.926888
570.0,3465,64775.379394
575.0,4282,64792.893362
1200.0,7411,64825.813489
600.0,3067,64838.345435
545.0,3248,64851.739192
775.0,3329,64865.149202
605.0,2921,64877.28644
600.0,4301,64895.518127
600.0,3289,64909.403887
1015.0,6389,64935.444933
540.0,3771,64950.784427
570.0,2988,64963.031561
570.0,3881,64979.428956
1000.0,3639,64995.68093
545.0,3541,65010.194258
600.0,2993,65022.365822
600.0,4251,65040.407995
1085.0,6253,65065.858169
800.0,3183,65079.141525
550.0,3117,65091.9345
810.0,4773,65133.504767
970.0,3095,65146.245789
515.0,3588,65160.858507
1185.0,5965,65186.643565
1165.0,5334,65209.420922
800.0,3325,65223.235903
515.0,3029,65235.711154
775.0,4549,65254.630756
575.0,3440,65269.642323
570.0,4957,65290.029055
605.0,2989,65303.13258
605.0,3333,65316.960574
795.0,4407,65335.146122
410.0,3613,65351.539948
780.0,3413,65365.840955
745.0,3059,65378.423601
810.0,5141,65399.373069
630.0,3507,65413.556669
1065.0,5979,65438.763684
745.0,2995,65451.15065
1205.0,5877,65475.050871
1130.0,6901,65503.456387
600.0,3227,65517.216976
600.0,3359,65532.19746
570.0,3166,65545.032146
800.0,3625,65560.158787
570.0,3514,65575.027107
545.0,3731,65591.203741
1060.0,6947,65620.480759
650.0,3449,65634.73325
495.0,3377,65648.729187
600.0,3413,65662.92305
990.0,6201,65690.158447
600.0,3497,65705.020539
570.0,4182,65723.815576
1215.0,6445,65750.985454
525.0,3459,65765.244673
745.0,3584,65779.915795
800.0,3229,65793.298497
600.0,3643,65808.379429
515.0,3833,65824.513595
570.0,2896,65836.345675
535.0,3465,65850.428438
545.0,3180,65864.04467
600.0,3313,65878.824959
600.0,4071,65897.207503
540.0,3180,65910.857391
600.0,3377,65924.922935
1170.0,7310,65954.895177
605.0,3365,65968.83583
745.0,3190,65981.921252
570.0,4185,65999.442912
600.0,3521,66014.568455
545.0,3593,66029.201136
810.0,3713,66044.524243
800.0,3295,66058.098561
1205.0,5657,66082.981521
540.0,3244,66096.418769
805.0,2889,66108.258296
800.0,3189,66121.162459
805.0,3009,66133.52838
570.0,3180,66146.556509
1300.0,7545,66178.876831
600.0,3715,66196.769942
715.0,4421,66217.975331
570.0,3969,66235.880657
570.0,3325,66250.261327
600.0,3829,66267.886876
1095.0,6887,66297.442907
600.0,3533,66312.267267
570.0,3991,66329.383111
780.0,3204,66342.445388
800.0,3635,66357.264617
600.0,3997,66373.840484
600.0,4091,66391.212093
1355.0,6801,66419.12827
600.0,3809,66435.676557
1120.0,6761,66463.72535
605.0,2697,66475.26283
515.0,3029,66487.884696
1150.0,7491,66518.610475
1370.0,6660,66546.036933
575.0,3692,66561.034963
600.0,3739,66577.505781
1120.0,6287,66603.900551
1355.0,7169,66634.951093
485.0,3345,66648.565818
570.0,3894,66664.498667
570.0,3857,66680.762033
1175.0,6351,66707.034175
605.0,3501,66721.291976
545.0,3017,66734.309117
580.0,2783,66745.70389
1090.0,6345,66773.698253
570.0,3657,66791.216404
515.0,3443,66806.830629
1125.0,7083,66866.100234
1125.0,7109,66896.47644
495.0,3179,66909.451918
545.0,3275,66922.930918
515.0,4175,66940.913269
600.0,3233,66954.19578
1180.0,6684,66983.053371
600.0,3753,66998.443018
570.0,3181,67011.425997
520.0,3431,67025.757512
545.0,2862,67037.257467
570.0,3536,67051.821807
600.0,3645,67066.768518
515.0,3821,67082.671628
575.0,4483,67101.957834
600.0,3727,67117.097692
960.0,5127,67138.278781
570.0,3857,67154.78966
980.0,6011,67180.931479
550.0,2960,67193.055769
600.0,3545,67207.530093
1150.0,7147,67237.54481
1070.0,7445,67267.871001
600.0,3341,67281.517771
545.0,3140,67294.490813
630.0,3947,67311.590864
1360.0,6675,67339.715693
770.0,4489,67359.088331
1575.0,6810,67387.602024
600.0,3261,67401.350384
1070.0,6145,67427.178315
600.0,3953,67443.119912
1350.0,7708,67475.348039
740.0,4199,67493.219017
545.0,2924,67506.234174
1345.0,6305,67535.028087
600.0,3501,67549.359937
1185.0,5683,67573.474458
1400.0,6749,67601.351166
1145.0,6946,67630.159977
1230.0,6203,67655.972182
600.0,3197,67669.20232
235.0,1747,67676.365905
540.0,3224,67689.957417
640.0,3649,67707.037131
770.0,3637,67722.104375
570.0,3728,67737.548733
1145.0,6888,67766.515338
1175.0,6285,67792.451395
605.0,3763,67807.862397
600.0,3299,67821.077253
1115.0,7123,67850.926554
600.0,4061,67867.58113
600.0,3967,67884.356509
630.0,3599,67899.927742
570.0,3947,67916.426283
600.0,3601,67931.149319
570.0,3101,67943.752891
800.0,3549,67958.185062
485.0,3101,67971.278938
605.0,3585,67985.833234
1090.0,6009,68010.369654
960.0,5643,68033.818773
570.0,3671,68049.380158
600.0,3145,68062.199236
570.0,3449,68077.612331
570.0,2924,68089.636506
540.0,3289,68102.977113
745.0,3471,68117.622047
610.0,3505,68132.036676
600.0,3321,68145.859822
600.0,3385,68159.814288
600.0,3787,68175.288749
600.0,3363,68189.710003
600.0,3237,68203.193329
600.0,3725,68218.402182
600.0,3501,68232.650237
600.0,4271,68251.711657
1355.0,6317,68277.50897
585.0,3709,68293.139415
600.0,3517,68307.464986
1065.0,6709,68335.179856
610.0,3425,68349.345802
605.0,2869,68361.26134
605.0,3333,68375.232219
970.0,4445,68393.250221
600.0,4129,68410.642255
910.0,5499,68435.429291
570.0,2682,68446.497535
600.0,3593,68461.165093
1150.0,6759,68488.759312
775.0,3852,68504.435461
825.0,5749,68528.651524
